{
  "temperature": 0.6,
  "downfall": 0,
  "has_precipitation": false,
  "effects": {
    "sky_color": 6112500,
    "fog_color": 3948877,
    "water_color": 2823475,
    "water_fog_color": 1702433,
    "particle": {
      "options": {
        "type": "minecraft:dust",
        "value": {
          "r": 0.75,
          "g": 0.3,
          "b": 0.55,
          "scale": 4
        }
      },
      "probability": 1.0
    }
  },
  "spawners": {},
  "spawn_costs": {},
  "carvers": {},
  "features": []
}
