{
    "name": "Cosmi-Rod",
    "background": "minecraft:textures/block/sculk.png",
    "icon": "infinity:cosmi-rod",
    "ability_bar_texture": "infinity:textures/gui/ability_bars/infinity_ability_bar.png",
    "gui_display_type": "tree",
    "persistent_data": true,
    "abilities": {

"shockwave": {
      "type": "palladium:projectile",
      "icon": "infinity:cosmi-rod",
      "title": "Shockwave",
      "bar_color": "light_gray",
      "hidden": true,
      "hidden_in_bar": false,
      "entity_type": "palladium:custom_projectile",
      "entity_data": {
        "Damage": 1,
        "Gravity": 0,
        "Lifetime": 20,
        "Appearances": [
          {
            "Type": "particles",
            "ParticleType": "infinity:shockwave",
            "Spread": 0
          }
        ]
      },
      "inaccuracy": 0,
      "velocity": 3.0,
      "swinging_arm": "none",
      "damage_from_player": false,
      "ignore_player_movement": false,
      "conditions": {
       
        "enabling": [
          {
            "type": "palladium:held",
            "cooldown": 200,
            "key_type": "key_bind",
            "needs_empty_hand": false,
            "allow_scrolling_when_crouching": true
          }
        ],
         "unlocking":[
           {
                "type": "palladium:item_in_slot",
                "item": {"item": "infinity:cosmi-rod"},
                "slot": "mainhand"
            }
            
            
        ]
      }
    },
"insert_stone_wheel":{
    "type": "palladium:ability_wheel",
    "icon": "infinity:cosmi-rod_power",
    "title": "insert Stone",
    "bar_color": "light_gray",
    "hidden": false,
    "hidden_in_bar": false,
    "list_index": 0,
    "gui_position": "null",
    "description": "null",
    "abilities": [
        "insert_power_stone",
         "insert_space_stone",
          "insert_reality_stone",
           "insert_time_stone",
            "insert_soul_stone",
             "insert_mind_stone"
        
    ],
    "texture": "null",
    "conditions": {
        "enabling": [
            {
                "type": "palladium:toggle",
                "cooldown": 0,
                "key_type": "key_bind",
                "needs_empty_hand": false,
                "allow_scrolling_when_crouching": true
            }
        ],
        "unlocking":[
           {
                "type": "palladium:item_in_slot",
                "item": {"item": "infinity:cosmi-rod"},
                "slot": "mainhand"
            }
            
            
        ]
    }
},
"remove_stone_wheel":{
    "type": "palladium:ability_wheel",
    "icon": "infinity:textures/item/infinity_gauntlet2.png",
    "title": "remove stones",
    "bar_color": "light_gray",
    "hidden": false,
    "hidden_in_bar": false,
    "list_index": 0,
    "gui_position": "null",
    "description": "null",
    "abilities": [
        "remove_power_stone",
         "remove_space_stone",
          "remove_reality_stone",
           "remove_time_stone",
            "remove_soul_stone",
             "remove_mind_stone"
        
    ],
    "texture": "null",
    "conditions": {
        "enabling": [
            {
                "type": "palladium:toggle",
                "cooldown": 0,
                "key_type": "key_bind",
                "needs_empty_hand": false,
                "allow_scrolling_when_crouching": true
            }
        ],
        "unlocking":[
            {
    "type": "palladium:or",
    "conditions": [
         {
                "type": "palladium:item_in_slot",
                "item": {"item": "infinity:cosmi-rod_power"},
                "slot": "mainhand"
            },
            {
                "type": "palladium:item_in_slot",
                "item": {"item": "infinity:cosmi-rod_space"},
                "slot": "mainhand"
            },
             {
                "type": "palladium:item_in_slot",
                "item": {"item": "infinity:cosmi-rod_reality"},
                "slot": "mainhand"
            },
             {
                "type": "palladium:item_in_slot",
                "item": {"item": "infinity:cosmi-rod_time"},
                "slot": "mainhand"
            },
             {
                "type": "palladium:item_in_slot",
                "item": {"item": "infinity:cosmi-rod_soul"},
                "slot": "mainhand"
            },
             {
                "type": "palladium:item_in_slot",
                "item": {"item": "infinity:cosmi-rod_mind"},
                "slot": "mainhand"
            }
    ]
}
        ]
    }
},
        "insert_power_stone": {
    "type": "palladium:command",
    "icon": "infinity:power_stone",
    "title": "Insert Power Stone",
    "bar_color": "purple",
    "hidden": true,
    "hidden_in_bar": true,
    "list_index": -1,
    "gui_position": "null",
    "description": "Insert Power Stone",
    "commands": [
        "clear @s infinity:power_stone 1",
        "clear @s infinity:cosmi-rod 1",
        "give @s infinity:cosmi-rod_power"
    ],
    "conditions": {  
        "enabling": [
            {
                "type": "palladium:toggle",
                "cooldown": 0,
                "key_type": "key_bind",
                "needs_empty_hand": false,
                "allow_scrolling_when_crouching": true
            }
        ], 
        "unlocking": [
            {
                "type": "palladium:item_in_slot",
                "item": {"item": "infinity:power_stone"},
                "slot": "offhand"
            },
             {
                "type": "palladium:item_in_slot",
                "item": {"item": "infinity:cosmi-rod"},
                "slot": "mainhand"
            }
        ]
    }
},
"remove_power_stone": {
    "type": "palladium:command",
    "icon": "infinity:power_stone",
    "title": "Remove Power Stone",
    "bar_color": "purple",
    "hidden": true,
    "hidden_in_bar": true,
    "list_index": -1,
    "gui_position": "null",
    "description": "Remove Power Stone",
    "commands": [
        "execute as @s run clear @s infinity:cosmi-rod_power",
        "execute as @s run give @s infinity:power_stone{Enchantments:[{}]}",
        "execute as @s run give @s infinity:cosmi-rod"
    ],
    "conditions": {
        "enabling": [
            {
                "type": "palladium:action",
                "cooldown": 0,
                "key_type": "key_bind",
                "needs_empty_hand": false,
                "allow_scrolling_when_crouching": true
            }
        ],
        "unlocking": [
           {
                "type": "palladium:item_in_slot",
                "item": {"item": "infinity:cosmi-rod_power"},
                "slot": "mainhand"
            }
        ]
    }
},
 "insert_space_stone": {
    "type": "palladium:command",
    "icon": "infinity:space_stone",
    "title": "Insert Power Stone",
    "bar_color": "light_blue",
    "hidden": true,
    "hidden_in_bar": true,
    "list_index": -1,
    "gui_position": "null",
    "description": "Insert Space Stone",
    "commands": [
        "clear @s infinity:space_stone 1",
        "clear @s infinity:cosmi-rod 1",
        "give @s infinity:cosmi-rod_space"
    ],
    "conditions": {  
        "enabling": [
            {
                "type": "palladium:toggle",
                "cooldown": 0,
                "key_type": "key_bind",
                "needs_empty_hand": false,
                "allow_scrolling_when_crouching": true
            }
        ], 
        "unlocking": [
            {
                "type": "palladium:item_in_slot",
                "item": {"item": "infinity:space_stone"},
                "slot": "offhand"
            },
             {
                "type": "palladium:item_in_slot",
                "item": {"item": "infinity:cosmi-rod"},
                "slot": "mainhand"
            }
        ]
    }
},
"remove_space_stone": {
    "type": "palladium:command",
    "icon": "infinity:space_stone",
    "title": "Remove Space Stone",
    "bar_color": "light_blue",
    "hidden": true,
    "hidden_in_bar": true,
    "list_index": -1,
    "gui_position": "null",
    "description": "Remove Space Stone",
    "commands": [
        "execute as @s run clear @s infinity:cosmi-rod_space",
        "execute as @s run give @s infinity:space_stone{Enchantments:[{}]}",
        "execute as @s run give @s infinity:cosmi-rod"
    ],
    "conditions": {
        "enabling": [
            {
                "type": "palladium:action",
                "cooldown": 0,
                "key_type": "key_bind",
                "needs_empty_hand": false,
                "allow_scrolling_when_crouching": true
            }
        ],
        "unlocking": [
           {
                "type": "palladium:item_in_slot",
                "item": {"item": "infinity:cosmi-rod_space"},
                "slot": "mainhand"
            }
        ]
    }
},
"insert_reality_stone": {
    "type": "palladium:command",
    "icon": "infinity:reality_stone",
    "title": "Insert Reality Stone",
    "bar_color": "red",
    "hidden": true,
    "hidden_in_bar": true,
    "list_index": -1,
    "gui_position": "null",
    "description": "Insert Reality Stone",
    "commands": [
        "clear @s infinity:reality_stone 1",
        "clear @s infinity:cosmi-rod 1",
        "give @s infinity:cosmi-rod_reality"
    ],
    "conditions": {  
        "enabling": [
            {
                "type": "palladium:toggle",
                "cooldown": 0,
                "key_type": "key_bind",
                "needs_empty_hand": false,
                "allow_scrolling_when_crouching": true
            }
        ], 
        "unlocking": [
            {
                "type": "palladium:item_in_slot",
                "item": {"item": "infinity:reality_stone"},
                "slot": "offhand"
            },
             {
                "type": "palladium:item_in_slot",
                "item": {"item": "infinity:cosmi-rod"},
                "slot": "mainhand"
            }
        ]
    }
},
"remove_reality_stone": {
    "type": "palladium:command",
    "icon": "infinity:space_stone",
    "title": "Remove Space Stone",
    "bar_color": "light_blue",
    "hidden": true,
    "hidden_in_bar": true,
    "list_index": -1,
    "gui_position": "null",
    "description": "Remove Reality Stone",
    "commands": [
        "execute as @s run clear @s infinity:cosmi-rod_reality",
        "execute as @s run give @s infinity:reality_stone{Enchantments:[{}]}",
        "execute as @s run give @s infinity:cosmi-rod"
    ],
    "conditions": {
        "enabling": [
            {
                "type": "palladium:action",
                "cooldown": 0,
                "key_type": "key_bind",
                "needs_empty_hand": false,
                "allow_scrolling_when_crouching": true
            }
        ],
        "unlocking": [
           {
                "type": "palladium:item_in_slot",
                "item": {"item": "infinity:cosmi-rod_reality"},
                "slot": "mainhand"
            }
        ]
    }
},
"insert_time_stone": {
    "type": "palladium:command",
    "icon": "infinity:time_stone",
    "title": "Insert Time Stone",
    "bar_color": "red",
    "hidden": true,
    "hidden_in_bar": true,
    "list_index": -1,
    "gui_position": "null",
    "description": "Insert Time Stone",
    "commands": [
        "clear @s infinity:time_stone 1",
        "clear @s infinity:cosmi-rod 1",
        "give @s infinity:cosmi-rod_time"
    ],
    "conditions": {  
        "enabling": [
            {
                "type": "palladium:toggle",
                "cooldown": 0,
                "key_type": "key_bind",
                "needs_empty_hand": false,
                "allow_scrolling_when_crouching": true
            }
        ], 
        "unlocking": [
            {
                "type": "palladium:item_in_slot",
                "item": {"item": "infinity:time_stone"},
                "slot": "offhand"
            },
             {
                "type": "palladium:item_in_slot",
                "item": {"item": "infinity:cosmi-rod"},
                "slot": "mainhand"
            }
        ]
    }
},
"remove_time_stone": {
    "type": "palladium:command",
    "icon": "infinity:time_stone",
    "title": "Remove Time Stone",
    "bar_color": "lime",
    "hidden": true,
    "hidden_in_bar": true,
    "list_index": -1,
    "gui_position": "null",
    "description": "Remove Time Stone",
    "commands": [
        "execute as @s run clear @s infinity:cosmi-rod_time",
        "execute as @s run give @s infinity:time_stone{Enchantments:[{}]}",
        "execute as @s run give @s infinity:cosmi-rod"
    ],
    "conditions": {
        "enabling": [
            {
                "type": "palladium:action",
                "cooldown": 0,
                "key_type": "key_bind",
                "needs_empty_hand": false,
                "allow_scrolling_when_crouching": true
            }
        ],
        "unlocking": [
           {
                "type": "palladium:item_in_slot",
                "item": {"item": "infinity:cosmi-rod_time"},
                "slot": "mainhand"
            }
        ]
    }
},
"insert_soul_stone": {
    "type": "palladium:command",
    "icon": "infinity:soul_stone",
    "title": "Insert Soul Stone",
    "bar_color": "orange",
    "hidden": true,
    "hidden_in_bar": true,
    "list_index": -1,
    "gui_position": "null",
    "description": "Insert Soul Stone",
    "commands": [
        "clear @s infinity:soul_stone 1",
        "clear @s infinity:cosmi-rod 1",
        "give @s infinity:cosmi-rod_soul"
    ],
    "conditions": {  
        "enabling": [
            {
                "type": "palladium:toggle",
                "cooldown": 0,
                "key_type": "key_bind",
                "needs_empty_hand": false,
                "allow_scrolling_when_crouching": true
            }
        ], 
        "unlocking": [
            {
                "type": "palladium:item_in_slot",
                "item": {"item": "infinity:soul_stone"},
                "slot": "offhand"
            },
             {
                "type": "palladium:item_in_slot",
                "item": {"item": "infinity:cosmi-rod"},
                "slot": "mainhand"
            }
        ]
    }
},
"remove_soul_stone": {
    "type": "palladium:command",
    "icon": "infinity:soul_stone",
    "title": "Remove Soul Stone",
    "bar_color": "orange",
    "hidden": true,
    "hidden_in_bar": true,
    "list_index": -1,
    "gui_position": "null",
    "description": "Remove Soul Stone",
    "commands": [
        "execute as @s run clear @s infinity:cosmi-rod_soul",
        "execute as @s run give @s infinity:soul_stone{Enchantments:[{}]}",
        "execute as @s run give @s infinity:cosmi-rod"
    ],
    "conditions": {
        "enabling": [
            {
                "type": "palladium:action",
                "cooldown": 0,
                "key_type": "key_bind",
                "needs_empty_hand": false,
                "allow_scrolling_when_crouching": true
            }
        ],
        "unlocking": [
           {
                "type": "palladium:item_in_slot",
                "item": {"item": "infinity:cosmi-rod_soul"},
                "slot": "mainhand"
            }
        ]
    }
},
"insert_mind_stone": {
    "type": "palladium:command",
    "icon": "infinity:mind_stone",
    "title": "Insert Mind Stone",
    "bar_color": "yellow",
    "hidden": true,
    "hidden_in_bar": true,
    "list_index": -1,
    "gui_position": "null",
    "description": "Insert Mind Stone",
    "commands": [
        "clear @s infinity:mind_stone 1",
        "clear @s infinity:cosmi-rod 1",
        "give @s infinity:cosmi-rod_mind"
    ],
    "conditions": {  
        "enabling": [
            {
                "type": "palladium:toggle",
                "cooldown": 0,
                "key_type": "key_bind",
                "needs_empty_hand": false,
                "allow_scrolling_when_crouching": true
            }
        ], 
        "unlocking": [
            {
                "type": "palladium:item_in_slot",
                "item": {"item": "infinity:mind_stone"},
                "slot": "offhand"
            },
             {
                "type": "palladium:item_in_slot",
                "item": {"item": "infinity:cosmi-rod"},
                "slot": "mainhand"
            }
        ]
    }
},
"remove_mind_stone": {
    "type": "palladium:command",
    "icon": "infinity:mind_stone",
    "title": "Remove Mind Stone",
    "bar_color": "yellow",
    "hidden": true,
    "hidden_in_bar": true,
    "list_index": -1,
    "gui_position": "null",
    "description": "Remove Mind Stone",
    "commands": [
        "execute as @s run clear @s infinity:cosmi-rod_mind",
        "execute as @s run give @s infinity:mind_stone{Enchantments:[{}]}",
        "execute as @s run give @s infinity:cosmi-rod"
    ],
    "conditions": {
        "enabling": [
            {
                "type": "palladium:action",
                "cooldown": 0,
                "key_type": "key_bind",
                "needs_empty_hand": false,
                "allow_scrolling_when_crouching": true
            }
        ],
        "unlocking": [
           {
                "type": "palladium:item_in_slot",
                "item": {"item": "infinity:cosmi-rod_mind"},
                "slot": "mainhand"
            }
        ]
    }
}
    }
}