{
    "name": "Mind Stone",
    "background": "minecraft:textures/block/yellow_concrete.png",
    "icon": "infinity:mind_stone",
    "gui_display_type": "list",
    "ability_bar_texture": "infinity:textures/gui/ability_bars/infinity_ability_bar.png",
 
    "abilities": {
      
        "flight": {
            "type": "palladium:attribute_modifier",
            "icon": "infinity:mind_stone",
            "title": "Flight",
            "bar_color": "yellow",
            "description": "null",
            "attribute": "palladium:flight_speed",
            "amount": 3,
            "operation": 0,
            "uuid": "498be4fb-af04-42f2-8948-e6ccdc0d99e1",
            "conditions": {
                
                
                "unlocking": [
                    {
                        "type": "palladium:or",
                        "conditions": [
                            {
                                "type": "palladium:has_power",
                                "power": "infinity:infinity_gauntlet"
                            },
                            {
                                "type": "palladium:item_in_slot",
                                "item": {
                                    "item": "infinity:scepter"
                                },
                                "slot": "mainhand"
                            },
                            {
                                "type": "palladium:item_in_slot",
                                "item": {
                                    "item": "infinity:scepter"
                                },
                                "slot": "offhand"
                            },
                            {
                                "type": "palladium:item_in_slot",
                                "item": {
                                    "item": "infinity:mind_stone"
                                },
                                "slot": "mainhand"
                            },
                            {
                                "type": "palladium:item_in_slot",
                                "item": {
                                    "item": "infinity:mind_stone"
                                },
                                "slot": "offhand"
                            },
                            {
                                "type": "palladium:item_in_slot",
                                "item": {
                                    "item": "infinity:cosmi-rod_mind"
                                },
                                "slot": "mainhand"
                            },
                            {
                                "type": "palladium:item_in_slot",
                                "item": {
                                    "item": "infinity:cosmi-rod_mind"
                                },
                                "slot": "offhand"
                            }
                            
                        ]
                    }
                ]
            }
        },
         "intangibility": {
            "type": "palladium:intangibility",
            "icon": "infinity:mind_stone",
            "title": "Intangibility",
            "bar_color": "yellow",
            "hidden": false,
            "hidden_in_bar": false,
            "list_index": 0,
            "conditions": {
                
                "enabling": [
                    {
                        "type": "palladium:toggle",
                        "cooldown": 0,
                        "key_type": "key_bind",
                        "needs_empty_hand": false,
                        "allow_scrolling_when_crouching": true
                    }
                ],
                "unlocking": [
                   {
                        "type": "palladium:or",
                        "conditions": [
                            {
                                "type": "palladium:has_power",
                                "power": "infinity:infinity_gauntlet"
                            },
                            {
                                "type": "palladium:item_in_slot",
                                "item": {
                                    "item": "infinity:mind_stone"
                                },
                                "slot": "mainhand"
                            },
                            {
                                "type": "palladium:item_in_slot",
                                "item": {
                                    "item": "infinity:mind_stone"
                                },
                                "slot": "offhand"
                            },
                            {
                                "type": "palladium:item_in_slot",
                                "item": {
                                    "item": "infinity:cosmi-rod_mind"
                                },
                                "slot": "mainhand"
                            },
                            {
                                "type": "palladium:item_in_slot",
                                "item": {
                                    "item": "infinity:cosmi-rod_mind"
                                },
                                "slot": "offhand"
                            },
                            {
                                "type": "palladium:item_in_slot",
                                "item": {
                                    "item": "infinity:scepter"
                                },
                                "slot": "mainhand"
                            },
                            {
                                "type": "palladium:item_in_slot",
                                "item": {
                                    "item": "infinity:scepter"
                                },
                                "slot": "offhand"
                            }
                            
                        ]
                    }
                ]
            }
        },
        "vibrate": {
            "type": "palladium:vibrate",
            "icon": "minecraft:blaze_rod",
            "title": "null",
            "bar_color": "light_gray",
            "hidden": true,
            "hidden_in_bar": true,
            "list_index": 0,
            "gui_position": "null",
            "description": "null",
            "conditions": {
            "enabling": [
                {
                    "type": "palladium:ability_enabled",
                    "ability": "intangibility"
                }
            ],
             "unlocking": [
                 {
                        "type": "palladium:or",
                        "conditions": [
                            {
                                "type": "palladium:has_power",
                                "power": "infinity:infinity_gauntlet"
                            },
                            {
                                "type": "palladium:item_in_slot",
                                "item": {
                                    "item": "infinity:mind_stone"
                                },
                                "slot": "mainhand"
                            },
                            {
                                "type": "palladium:item_in_slot",
                                "item": {
                                    "item": "infinity:mind_stone"
                                },
                                "slot": "offhand"
                            },
                            {
                                "type": "palladium:item_in_slot",
                                "item": {
                                    "item": "infinity:cosmi-rod_mind"
                                },
                                "slot": "mainhand"
                            },
                            {
                                "type": "palladium:item_in_slot",
                                "item": {
                                    "item": "infinity:cosmi-rod_mind"
                                },
                                "slot": "offhand"
                            },
                            {
                                "type": "palladium:item_in_slot",
                                "item": {
                                    "item": "infinity:scepter"
                                },
                                "slot": "mainhand"
                            },
                            {
                                "type": "palladium:item_in_slot",
                                "item": {
                                    "item": "infinity:scepter"
                                },
                                "slot": "offhand"
                            }
                            
                        ]
                    }
                ]
        }
       

       
    },
     "Passive": {
            "type": "palladium:command",
            "icon": "minecraft:player_head",
            "title": "Passive",
            "bar_color": "yellow",
            "hidden": false,
            "hidden_in_bar": false,
            "list_index": 1,
            "gui_position": "null",
            "description": "null",
            "first_tick_commands": [],
            "last_tick_commands": [],
            "commands": [
               "team join peaceful",
               "execute as @e[distance=..5] run team join peaceful"
            ],
            "conditions": {
                
                "enabling": [
                    {
                        "type": "palladium:action",
                        "cooldown": 0,
                        "key_type": "key_bind",
                        "needs_empty_hand": false,
                        "allow_scrolling_when_crouching": true
                    }
                ],
                "unlocking": [
                   {
                        "type": "palladium:not",
                        "conditions": [
                            {
                                "type": "palladium:crouching"
                            }
                        ]
                    },
                   {
                        "type": "palladium:or",
                        "conditions": [
                            {
                                "type": "palladium:has_power",
                                "power": "infinity:infinity_gauntlet"
                            },
                            {
                                "type": "palladium:item_in_slot",
                                "item": {
                                    "item": "infinity:scepter"
                                },
                                "slot": "mainhand"
                            },
                            {
                                "type": "palladium:item_in_slot",
                                "item": {
                                    "item": "infinity:scepter"
                                },
                                "slot": "offhand"
                            },
                            {
                                "type": "palladium:item_in_slot",
                                "item": {
                                    "item": "infinity:mind_stone"
                                },
                                "slot": "mainhand"
                            },
                            {
                                "type": "palladium:item_in_slot",
                                "item": {
                                    "item": "infinity:mind_stone"
                                },
                                "slot": "offhand"
                            },
                            {
                                "type": "palladium:item_in_slot",
                                "item": {
                                    "item": "infinity:cosmi-rod_mind"
                                },
                                "slot": "mainhand"
                            },
                            {
                                "type": "palladium:item_in_slot",
                                "item": {
                                    "item": "infinity:cosmi-rod_mind"
                                },
                                "slot": "offhand"
                            }
                            
                        ]
                    }
                ]
            }
        },
            "Un-Passive": {
            "type": "palladium:command",
            "icon": "minecraft:zombie_head",
            "title": "Un-Passive",
            "bar_color": "yellow",
            "hidden": false,
            "hidden_in_bar": false,
            "list_index": 1,
            "gui_position": "null",
            "description": "null",
            "first_tick_commands": [],
            "last_tick_commands": [],
            "commands": [
               "team leave peaceful",
               "execute as @e[distance=..5] run team leave @s"
            ],
            "conditions": {
                
                "enabling": [
                    {
                        "type": "palladium:action",
                        "cooldown": 0,
                        "key_type": "key_bind",
                        "needs_empty_hand": false,
                        "allow_scrolling_when_crouching": true
                    }
                ],
                "unlocking": [
                   {
                        "type": "palladium:crouching"
                    },
                   {
                        "type": "palladium:or",
                        "conditions": [
                            {
                                "type": "palladium:has_power",
                                "power": "infinity:infinity_gauntlet"
                            },
                            {
                                "type": "palladium:item_in_slot",
                                "item": {
                                    "item": "infinity:scepter"
                                },
                                "slot": "mainhand"
                            },
                            {
                                "type": "palladium:item_in_slot",
                                "item": {
                                    "item": "infinity:scepter"
                                },
                                "slot": "offhand"
                            },
                            {
                                "type": "palladium:item_in_slot",
                                "item": {
                                    "item": "infinity:mind_stone"
                                },
                                "slot": "mainhand"
                            },
                            {
                                "type": "palladium:item_in_slot",
                                "item": {
                                    "item": "infinity:mind_stone"
                                },
                                "slot": "offhand"
                            },
                            {
                                "type": "palladium:item_in_slot",
                                "item": {
                                    "item": "infinity:cosmi-rod_mind"
                                },
                                "slot": "mainhand"
                            },
                            {
                                "type": "palladium:item_in_slot",
                                "item": {
                                    "item": "infinity:cosmi-rod_mind"
                                },
                                "slot": "offhand"
                            }
                            
                        ]
                    }
                ]
            }
        },
         "Power Blast": {
            "type": "palladium:energy_beam",
            "icon": "infinity:textures/icon/power_blast.png",
            "title": "Power Blast",
            "bar_color": "yellow",
            "hidden": false,
            "hidden_in_bar": false,
            "list_index": -1,
            "gui_position": "null",
            "description": "null",
            "energy_beam": "infinity:scepter_beam",
            "damage": 20,
            "max_distance": 50,
            "speed": 0.5,
            "set_on_fire_seconds": 1,
            "cause_fire": true,
            "smelt_blocks": false,
            "conditions": {
               
                "enabling": [
                    {
                        "type": "palladium:ability_enabled",
                        "ability": "aim"
                    }
                ],
                "unlocking": [
                   {
                                "type": "palladium:item_in_slot",
                                "item": {
                                    "item": "infinity:scepter"
                                },
                                "slot": "mainhand"
                            }
                   
                ]
            }
            
        },
         "aim": {
            "type": "palladium:aim",
            "icon": "infinity:textures/icon/power_blast.png",
            "title": "Power Blast",
            "bar_color": "yellow",
            "hidden": true,
            "hidden_in_bar": false,
            "list_index": 2,
            "gui_position": "null",
            "description": "null",
            "time": 1,
            "arm": "main_arm",
            "conditions": {
                
                "enabling": [
                    {
                        "type": "palladium:held",
                        "cooldown": 0
                    }
                ],
                "unlocking": [
                     {
                                "type": "palladium:item_in_slot",
                                "item": {
                                    "item": "infinity:scepter"
                                },
                                "slot": "mainhand"
                            }
                ]
            }
        }

       

       
    }
}