{
    "texture_width": 64,
    "texture_height": 64,
    "mesh": {
        "right_arm": {
            "part_pose": {
                "offset": [
                    -5,
                    2,
                    0
                ]
            },
            "cubes": [],
            "children": {}
        },
        "left_leg": {
            "part_pose": {
                "offset": [
                    1.9,
                    12,
                    0
                ]
            },
            "cubes": [],
            "children": {}
        },
        "jacket": {
            "cubes": [],
            "children": {}
        },
        "body": {
            "cubes": [],
            "children": {
                "cape_top": {
                    "part_pose": {
                        "offset": [
                            0,
                            0.75,
                            0
                        ]
                    },
                    "cubes": [
                        {
                            "origin": [
                                -4,
                                -9,
                                -4
                            ],
                            "dimensions": [
                                8,
                                8,
                                8
                            ],
                            "texture_offset": [
                                0,
                                23
                            ],
                            "deformation": [
                                1,
                                1,
                                1
                            ]
                        }
                    ],
                    "children": {
                        "side": {
                            "part_pose": {
                                "offset": [
                                    -8.75,
                                    -5,
                                    1
                                ],
                                "rotation": [
                                    0,
                                    22.5,
                                    0
                                ]
                            },
                            "cubes": [
                                {
                                    "origin": [
                                        2.961731656763491,
                                        -4,
                                        -3.83
                                    ],
                                    "dimensions": [
                                        1,
                                        8,
                                        7.999999999999998
                                    ],
                                    "texture_offset": [
                                        24,
                                        31
                                    ],
                                    "deformation": [
                                        1,
                                        1,
                                        1
                                    ]
                                }
                            ],
                            "children": {}
                        },
                        "side2": {
                            "part_pose": {
                                "offset": [
                                    5.633578363789503,
                                    -5,
                                    -0.5893920132778141
                                ],
                                "rotation": [
                                    0,
                                    -22.5,
                                    0
                                ]
                            },
                            "cubes": [
                                {
                                    "origin": [
                                        -0.44531002055299407,
                                        -4,
                                        -3.5682200334710577
                                    ],
                                    "dimensions": [
                                        1,
                                        8,
                                        8
                                    ],
                                    "texture_offset": [
                                        24,
                                        15
                                    ],
                                    "deformation": [
                                        1,
                                        1,
                                        1
                                    ]
                                }
                            ],
                            "children": {}
                        }
                    }
                },
                "cape": {
                    "cubes": [
                        {
                            "origin": [
                                -7.5,
                                1,
                                1.25
                            ],
                            "dimensions": [
                                15,
                                22,
                                1
                            ],
                            "texture_offset": [
                                0,
                                0
                            ]
                        }
                    ],
                    "children": {}
                }
            }
        },
        "head": {
            "cubes": [],
            "children": {}
        },
        "left_sleeve": {
            "part_pose": {
                "offset": [
                    5,
                    2,
                    0
                ]
            },
            "cubes": [],
            "children": {}
        },
        "right_sleeve": {
            "part_pose": {
                "offset": [
                    -5,
                    2,
                    0
                ]
            },
            "cubes": [],
            "children": {}
        },
        "left_arm": {
            "part_pose": {
                "offset": [
                    5,
                    2,
                    0
                ]
            },
            "cubes": [],
            "children": {}
        },
        "right_leg": {
            "part_pose": {
                "offset": [
                    -1.9,
                    12,
                    0
                ]
            },
            "cubes": [],
            "children": {}
        },
        "cloak": {
            "cubes": [],
            "children": {}
        },
        "ear": {
            "cubes": [],
            "children": {}
        },
        "right_pants": {
            "part_pose": {
                "offset": [
                    -1.9,
                    12,
                    0
                ]
            },
            "cubes": [],
            "children": {}
        },
        "hat": {
            "cubes": [],
            "children": {}
        },
        "left_pants": {
            "part_pose": {
                "offset": [
                    1.9,
                    12,
                    0
                ]
            },
            "cubes": [],
            "children": {}
        }
    }
}