{
	"format_version": "1.12.0",
	"minecraft:geometry": [
		{
			"description": {
				"identifier": "geometry.unknown",
				"texture_width": 32,
				"texture_height": 32,
				"visible_bounds_width": 2,
				"visible_bounds_height": 3.5,
				"visible_bounds_offset": [0, 1.25, 0]
			},
			"bones": [
				{
					"name": "head",
					"pivot": [0, 24, 0]
				},
				{
					"name": "body",
					"pivot": [0, 24, 0],
					"cubes": [
						{"origin": [-2, 21, -3], "size": [4, 1, 1], "uv": [10, 2]},
						{"origin": [-4, 22, -3], "size": [2, 1, 1], "uv": [10, 4]},
						{"origin": [2, 22, -3], "size": [2, 1, 1], "uv": [10, 6]},
						{"origin": [4, 23, -3], "size": [1, 1, 1], "uv": [10, 8]},
						{"origin": [-5, 23, -3], "size": [1, 1, 1], "uv": [10, 10]},
						{"origin": [-5, 24, -2], "size": [1, 1, 4], "uv": [0, 2]},
						{"origin": [-4, 23, 2], "size": [8, 1, 1], "uv": [0, 0]},
						{"origin": [4, 24, -2], "size": [1, 1, 4], "uv": [0, 7]}
					]
				},
				{
					"name": "right_arm",
					"pivot": [-5, 22, 0]
				},
				{
					"name": "left_arm",
					"pivot": [5, 22, 0]
				},
				{
					"name": "right_leg",
					"pivot": [-1.9, 12, 0]
				},
				{
					"name": "left_leg",
					"pivot": [1.9, 12, 0]
				}
			]
		}
	]
}