{
	"format_version": "1.12.0",
	"minecraft:geometry": [
		{
			"description": {
				"identifier": "geometry.unknown",
				"texture_width": 64,
				"texture_height": 64,
				"visible_bounds_width": 2,
				"visible_bounds_height": 3.5,
				"visible_bounds_offset": [0, 1.25, 0]
			},
			"bones": [
				{
					"name": "head",
					"pivot": [0, 24, 0]
				},
				{
					"name": "body",
					"pivot": [0, 24, 0]
				},
				{
					"name": "right_arm",
					"pivot": [-5, 22, 0]
				},
				{
					"name": "left_arm",
					"pivot": [5, 22, 0]
				},
				{
					"name": "right_leg",
					"pivot": [-1.9, 12, 0]
				},
				{
					"name": "left_leg",
					"pivot": [1.9, 12, 0]
				},
				{
					"name": "group",
					"pivot": [-8, 23.5, -25],
					"cubes": [
						{
							"origin": [-4.1393, 23.5, -4.5541],
							"size": [0.5967, 8.3538, 8.9505],
							"uv": {
								"north": {"uv": [14, 30], "uv_size": [0, 8]},
								"east": {"uv": [6, 30], "uv_size": [8, 8]},
								"south": {"uv": [22, 30], "uv_size": [0, 8]},
								"west": {"uv": [14, 30], "uv_size": [8, 8]},
								"up": {"uv": [14, 22], "uv_size": [0, 8]},
								"down": {"uv": [14, 30], "uv_size": [0, -8]}
							}
						},
						{
							"origin": [-4.1393, 27.0802, -4.91212],
							"size": [8.3538, 1.1934, 0.35802],
							"uv": {
								"north": {"uv": [37, 23], "uv_size": [8, 1]},
								"east": {"uv": [37, 23], "uv_size": [0, 1]},
								"south": {"uv": [45, 23], "uv_size": [8, 1]},
								"west": {"uv": [45, 23], "uv_size": [0, 1]},
								"up": {"uv": [37, 23], "uv_size": [8, 0]},
								"down": {"uv": [45, 23], "uv_size": [8, 0]}
							}
						},
						{
							"origin": [-2.3492, 25.8868, -4.85245],
							"size": [4.7736, 1.1934, 0.29835],
							"uv": {
								"north": {"uv": [19, 23], "uv_size": [4, 1]},
								"east": {"uv": [19, 23], "uv_size": [0, 1]},
								"south": {"uv": [23, 23], "uv_size": [4, 1]},
								"west": {"uv": [23, 23], "uv_size": [0, 1]},
								"up": {"uv": [19, 23], "uv_size": [4, 0]},
								"down": {"uv": [23, 23], "uv_size": [4, 0]}
							}
						},
						{
							"origin": [4.2145, 23.5, -4.5541],
							"size": [0.5967, 8.3538, 1.7901],
							"uv": {
								"north": {"uv": [1, 37], "uv_size": [0, 8]},
								"east": {"uv": [0, 37], "uv_size": [1, 8]},
								"south": {"uv": [2, 37], "uv_size": [0, 8]},
								"west": {"uv": [1, 37], "uv_size": [1, 8]},
								"up": {"uv": [1, 36], "uv_size": [0, 1]},
								"down": {"uv": [1, 37], "uv_size": [0, -1]}
							}
						},
						{
							"origin": [3.6178, 23.5, -4.5541],
							"size": [0.5967, 8.3538, 8.9505],
							"uv": {
								"north": {"uv": [13, 30], "uv_size": [0, 8]},
								"east": {"uv": [5, 30], "uv_size": [8, 8]},
								"south": {"uv": [21, 30], "uv_size": [0, 8]},
								"west": {"uv": [13, 30], "uv_size": [8, 8]},
								"up": {"uv": [13, 22], "uv_size": [0, 8]},
								"down": {"uv": [13, 30], "uv_size": [0, -8]}
							}
						},
						{
							"origin": [-4.736, 23.5, -4.5541],
							"size": [0.5967, 8.3538, 1.7901],
							"uv": {
								"north": {"uv": [1, 52], "uv_size": [0, 8]},
								"east": {"uv": [2, 52], "uv_size": [-1, 8]},
								"south": {"uv": [2, 52], "uv_size": [0, 8]},
								"west": {"uv": [1, 52], "uv_size": [-1, 8]},
								"up": {"uv": [1, 51], "uv_size": [0, 1]},
								"down": {"uv": [1, 52], "uv_size": [0, -1]}
							}
						},
						{
							"origin": [-4.736, 23.5, 2.6063],
							"size": [0.5967, 5.967, 1.7901],
							"uv": {
								"north": {"uv": [38, 21], "uv_size": [0, 5]},
								"east": {"uv": [37, 21], "uv_size": [1, 5]},
								"south": {"uv": [39, 21], "uv_size": [0, 5]},
								"west": {"uv": [38, 21], "uv_size": [1, 5]},
								"up": {"uv": [38, 20], "uv_size": [0, 1]},
								"down": {"uv": [38, 21], "uv_size": [0, -1]}
							}
						},
						{
							"origin": [4.2145, 23.5, 2.6063],
							"size": [0.5967, 5.967, 1.7901],
							"uv": {
								"north": {"uv": [51, 26], "uv_size": [0, 5]},
								"east": {"uv": [50, 26], "uv_size": [1, 5]},
								"south": {"uv": [52, 26], "uv_size": [0, 5]},
								"west": {"uv": [51, 26], "uv_size": [1, 5]},
								"up": {"uv": [51, 25], "uv_size": [0, 1]},
								"down": {"uv": [51, 26], "uv_size": [0, -1]}
							}
						},
						{
							"origin": [-4.736, 23.5, -2.764],
							"size": [0.5967, 2.3868, 5.3703],
							"uv": {
								"north": {"uv": [37, 25], "uv_size": [0, 2]},
								"east": {"uv": [42, 25], "uv_size": [-5, 2]},
								"south": {"uv": [42, 25], "uv_size": [0, 2]},
								"west": {"uv": [37, 25], "uv_size": [-5, 2]},
								"up": {"uv": [37, 20], "uv_size": [0, 5]},
								"down": {"uv": [37, 25], "uv_size": [0, -5]}
							}
						},
						{
							"origin": [-4.1393, 23.5, 4.3964],
							"size": [8.3538, 8.3538, 0.5967],
							"uv": {
								"north": {"uv": [39, 26], "uv_size": [8, 8]},
								"east": {"uv": [39, 26], "uv_size": [0, 8]},
								"south": {"uv": [47, 26], "uv_size": [8, 8]},
								"west": {"uv": [47, 26], "uv_size": [0, 8]},
								"up": {"uv": [39, 26], "uv_size": [8, 0]},
								"down": {"uv": [47, 26], "uv_size": [8, 0]}
							}
						},
						{
							"origin": [-4.1393, 28.2736, -4.91212],
							"size": [8.3538, 3.5802, 0.35802],
							"uv": {
								"north": {"uv": [3, 46], "uv_size": [8, 3]},
								"east": {"uv": [3, 46], "uv_size": [0, 3]},
								"south": {"uv": [11, 46], "uv_size": [8, 3]},
								"west": {"uv": [11, 46], "uv_size": [0, 3]},
								"up": {"uv": [3, 46], "uv_size": [8, 0]},
								"down": {"uv": [11, 46], "uv_size": [8, 0]}
							}
						},
						{
							"origin": [4.2145, 31.2571, -2.764],
							"size": [0.5967, 0.5967, 5.3703],
							"uv": {
								"north": {"uv": [57, 5], "uv_size": [0, 0]},
								"east": {"uv": [52, 5], "uv_size": [5, 0]},
								"south": {"uv": [62, 5], "uv_size": [0, 0]},
								"west": {"uv": [57, 5], "uv_size": [5, 0]},
								"up": {"uv": [57, 0], "uv_size": [0, 5]},
								"down": {"uv": [57, 5], "uv_size": [0, -5]}
							}
						},
						{
							"origin": [-4.736, 29.467, -2.764],
							"size": [0.5967, 1.7901, 1.1934],
							"uv": {
								"north": {"uv": [37, 20], "uv_size": [0, 1]},
								"east": {"uv": [36, 20], "uv_size": [1, 1]},
								"south": {"uv": [38, 20], "uv_size": [0, 1]},
								"west": {"uv": [37, 20], "uv_size": [1, 1]},
								"up": {"uv": [37, 19], "uv_size": [0, 1]},
								"down": {"uv": [37, 20], "uv_size": [0, -1]}
							}
						},
						{
							"origin": [-4.736, 31.2571, -2.764],
							"size": [0.5967, 0.5967, 5.3703],
							"uv": {
								"north": {"uv": [40, 26], "uv_size": [0, 0]},
								"east": {"uv": [35, 26], "uv_size": [5, 0]},
								"south": {"uv": [45, 26], "uv_size": [0, 0]},
								"west": {"uv": [40, 26], "uv_size": [5, 0]},
								"up": {"uv": [40, 21], "uv_size": [0, 5]},
								"down": {"uv": [40, 26], "uv_size": [0, -5]}
							}
						},
						{
							"origin": [-1.1558, 23.5, 4.9931],
							"size": [2.3868, 8.9505, 0.17901],
							"uv": {
								"north": {"uv": [3, 14], "uv_size": [2, 8]},
								"east": {"uv": [3, 14], "uv_size": [0, 8]},
								"south": {"uv": [5, 14], "uv_size": [2, 8]},
								"west": {"uv": [5, 14], "uv_size": [0, 8]},
								"up": {"uv": [3, 14], "uv_size": [2, 0]},
								"down": {"uv": [5, 14], "uv_size": [2, 0]}
							}
						},
						{
							"origin": [-4.736, 25.8868, -1.5706],
							"size": [0.5967, 2.3868, 4.1769],
							"uv": {
								"north": {"uv": [39, 26], "uv_size": [0, 2]},
								"east": {"uv": [35, 26], "uv_size": [4, 2]},
								"south": {"uv": [43, 26], "uv_size": [0, 2]},
								"west": {"uv": [39, 26], "uv_size": [4, 2]},
								"up": {"uv": [39, 22], "uv_size": [0, 4]},
								"down": {"uv": [39, 26], "uv_size": [0, -4]}
							}
						},
						{
							"origin": [3.6178, 29.467, -2.764],
							"size": [1.1934, 1.7901, 1.1934],
							"uv": {
								"north": {"uv": [16, 15], "uv_size": [-1, 1]},
								"east": {"uv": [17, 15], "uv_size": [-1, 1]},
								"south": {"uv": [18, 15], "uv_size": [-1, 1]},
								"west": {"uv": [15, 15], "uv_size": [-1, 1]},
								"up": {"uv": [16, 14], "uv_size": [-1, 1]},
								"down": {"uv": [17, 15], "uv_size": [-1, -1]}
							}
						},
						{
							"origin": [4.2145, 23.5, -2.764],
							"size": [0.5967, 2.3868, 5.3703],
							"uv": {
								"north": {"uv": [47, 33], "uv_size": [0, 2]},
								"east": {"uv": [52, 33], "uv_size": [-5, 2]},
								"south": {"uv": [52, 33], "uv_size": [0, 2]},
								"west": {"uv": [47, 33], "uv_size": [-5, 2]},
								"up": {"uv": [47, 28], "uv_size": [0, 5]},
								"down": {"uv": [47, 33], "uv_size": [0, -5]}
							}
						},
						{
							"origin": [-1.1558, 31.8538, -4.91212],
							"size": [2.3868, 0.5967, 0.35802],
							"uv": {
								"north": {"uv": [5, 22], "uv_size": [2, 0]},
								"east": {"uv": [5, 22], "uv_size": [0, 0]},
								"south": {"uv": [7, 22], "uv_size": [2, 0]},
								"west": {"uv": [7, 22], "uv_size": [0, 0]},
								"up": {"uv": [5, 22], "uv_size": [2, 0]},
								"down": {"uv": [7, 22], "uv_size": [2, 0]}
							}
						},
						{
							"origin": [-4.1393, 31.8538, -4.5541],
							"size": [8.3538, 0.5967, 9.5472],
							"uv": {
								"north": {"uv": [28, 12], "uv_size": [8, 0]},
								"east": {"uv": [19, 12], "uv_size": [9, 0]},
								"south": {"uv": [45, 12], "uv_size": [8, 0]},
								"west": {"uv": [36, 12], "uv_size": [9, 0]},
								"up": {"uv": [28, 3], "uv_size": [8, 9]},
								"down": {"uv": [36, 12], "uv_size": [8, -9]}
							}
						},
						{
							"origin": [4.2145, 25.8868, -1.5706],
							"size": [0.5967, 2.3868, 4.1769],
							"uv": {
								"north": {"uv": [38, 24], "uv_size": [0, 2]},
								"east": {"uv": [34, 24], "uv_size": [4, 2]},
								"south": {"uv": [42, 24], "uv_size": [0, 2]},
								"west": {"uv": [38, 24], "uv_size": [4, 2]},
								"up": {"uv": [38, 20], "uv_size": [0, 4]},
								"down": {"uv": [38, 24], "uv_size": [0, -4]}
							}
						},
						{
							"origin": [-4.1393, 23.5, -5.03146],
							"size": [1.1934, 1.1934, 1.07406],
							"uv": {
								"north": {"uv": [36, 52], "uv_size": [1, 1]},
								"east": {"uv": [35, 52], "uv_size": [1, 1]},
								"south": {"uv": [38, 52], "uv_size": [1, 1]},
								"west": {"uv": [37, 52], "uv_size": [1, 1]},
								"up": {"uv": [36, 51], "uv_size": [1, 1]},
								"down": {"uv": [37, 52], "uv_size": [1, -1]}
							}
						},
						{
							"origin": [3.0211, 23.5, -5.03146],
							"size": [1.1934, 1.1934, 1.07406],
							"uv": {
								"north": {"uv": [48, 56], "uv_size": [-1, 1]},
								"east": {"uv": [49, 56], "uv_size": [-1, 1]},
								"south": {"uv": [50, 56], "uv_size": [-1, 1]},
								"west": {"uv": [47, 56], "uv_size": [-1, 1]},
								"up": {"uv": [48, 55], "uv_size": [-1, 1]},
								"down": {"uv": [49, 56], "uv_size": [-1, -1]}
							}
						},
						{
							"origin": [-0.5591, 24.0967, -4.97179],
							"size": [1.1934, 0.5967, 0.47736],
							"uv": {
								"north": {"uv": [8, 7], "uv_size": [1, 0]},
								"east": {"uv": [8, 7], "uv_size": [0, 0]},
								"south": {"uv": [9, 7], "uv_size": [1, 0]},
								"west": {"uv": [9, 7], "uv_size": [0, 0]},
								"up": {"uv": [8, 7], "uv_size": [1, 0]},
								"down": {"uv": [9, 7], "uv_size": [1, 0]}
							}
						},
						{
							"origin": [-7.1228, 26.4835, -2.1673],
							"size": [1.7901, 1.1934, 1.1934],
							"uv": {
								"north": {"uv": [38, 19], "uv_size": [1, 1]},
								"east": {"uv": [37, 19], "uv_size": [1, 1]},
								"south": {"uv": [40, 19], "uv_size": [1, 1]},
								"west": {"uv": [39, 19], "uv_size": [1, 1]},
								"up": {"uv": [38, 18], "uv_size": [1, 1]},
								"down": {"uv": [39, 19], "uv_size": [1, -1]}
							}
						},
						{
							"origin": [5.4079, 26.4835, -2.1673],
							"size": [1.7901, 1.1934, 1.1934],
							"uv": {
								"north": {"uv": [18, 16], "uv_size": [1, 1]},
								"east": {"uv": [17, 16], "uv_size": [1, 1]},
								"south": {"uv": [20, 16], "uv_size": [1, 1]},
								"west": {"uv": [19, 16], "uv_size": [1, 1]},
								"up": {"uv": [18, 15], "uv_size": [1, 1]},
								"down": {"uv": [19, 16], "uv_size": [1, -1]}
							}
						},
						{
							"origin": [-5.75039, 24.6934, -4.5541],
							"size": [1.01439, 1.1934, 1.1934],
							"uv": {
								"north": {"uv": [37, 20], "uv_size": [1, 1]},
								"east": {"uv": [36, 20], "uv_size": [1, 1]},
								"south": {"uv": [39, 20], "uv_size": [1, 1]},
								"west": {"uv": [38, 20], "uv_size": [1, 1]},
								"up": {"uv": [37, 19], "uv_size": [1, 1]},
								"down": {"uv": [38, 20], "uv_size": [1, -1]}
							}
						},
						{
							"origin": [4.8112, 24.6934, -4.5541],
							"size": [1.1934, 1.1934, 1.1934],
							"uv": {
								"north": {"uv": [36, 18], "uv_size": [1, 1]},
								"east": {"uv": [35, 18], "uv_size": [1, 1]},
								"south": {"uv": [38, 18], "uv_size": [1, 1]},
								"west": {"uv": [37, 18], "uv_size": [1, 1]},
								"up": {"uv": [36, 17], "uv_size": [1, 1]},
								"down": {"uv": [37, 18], "uv_size": [1, -1]}
							}
						},
						{
							"origin": [-5.9294, 28.8703, 1.4129],
							"size": [1.1934, 1.1934, 1.1934],
							"uv": {
								"north": {"uv": [17, 18], "uv_size": [1, 1]},
								"east": {"uv": [16, 18], "uv_size": [1, 1]},
								"south": {"uv": [19, 18], "uv_size": [1, 1]},
								"west": {"uv": [18, 18], "uv_size": [1, 1]},
								"up": {"uv": [17, 17], "uv_size": [1, 1]},
								"down": {"uv": [18, 18], "uv_size": [1, -1]}
							}
						},
						{
							"origin": [4.8112, 28.8703, 1.4129],
							"size": [1.1934, 1.1934, 1.1934],
							"uv": {
								"north": {"uv": [37, 20], "uv_size": [1, 1]},
								"east": {"uv": [36, 20], "uv_size": [1, 1]},
								"south": {"uv": [39, 20], "uv_size": [1, 1]},
								"west": {"uv": [38, 20], "uv_size": [1, 1]},
								"up": {"uv": [37, 19], "uv_size": [1, 1]},
								"down": {"uv": [38, 20], "uv_size": [1, -1]}
							}
						},
						{
							"origin": [-6.5261, 28.2736, 0.2195],
							"size": [1.1934, 1.1934, 1.1934],
							"uv": {
								"north": {"uv": [37, 20], "uv_size": [1, 1]},
								"east": {"uv": [36, 20], "uv_size": [1, 1]},
								"south": {"uv": [39, 20], "uv_size": [1, 1]},
								"west": {"uv": [38, 20], "uv_size": [1, 1]},
								"up": {"uv": [37, 19], "uv_size": [1, 1]},
								"down": {"uv": [38, 20], "uv_size": [1, -1]}
							}
						},
						{
							"origin": [5.4079, 28.2736, 0.2195],
							"size": [1.1934, 1.1934, 1.1934],
							"uv": {
								"north": {"uv": [36, 19], "uv_size": [1, 1]},
								"east": {"uv": [35, 19], "uv_size": [1, 1]},
								"south": {"uv": [38, 19], "uv_size": [1, 1]},
								"west": {"uv": [37, 19], "uv_size": [1, 1]},
								"up": {"uv": [36, 18], "uv_size": [1, 1]},
								"down": {"uv": [37, 19], "uv_size": [1, -1]}
							}
						},
						{
							"origin": [-6.5261, 25.2901, -3.3607],
							"size": [1.7901, 1.1934, 1.1934],
							"uv": {
								"north": {"uv": [38, 20], "uv_size": [1, 1]},
								"east": {"uv": [37, 20], "uv_size": [1, 1]},
								"south": {"uv": [40, 20], "uv_size": [1, 1]},
								"west": {"uv": [39, 20], "uv_size": [1, 1]},
								"up": {"uv": [38, 19], "uv_size": [1, 1]},
								"down": {"uv": [39, 20], "uv_size": [1, -1]}
							}
						},
						{
							"origin": [4.8112, 25.2901, -3.3607],
							"size": [1.7901, 1.1934, 1.1934],
							"uv": {
								"north": {"uv": [38, 19], "uv_size": [1, 1]},
								"east": {"uv": [37, 19], "uv_size": [1, 1]},
								"south": {"uv": [40, 19], "uv_size": [1, 1]},
								"west": {"uv": [39, 19], "uv_size": [1, 1]},
								"up": {"uv": [38, 18], "uv_size": [1, 1]},
								"down": {"uv": [39, 19], "uv_size": [1, -1]}
							}
						},
						{
							"origin": [-7.1228, 27.6769, -0.9739],
							"size": [1.7901, 1.1934, 1.1934],
							"uv": {
								"north": {"uv": [3, 36], "uv_size": [1, 1]},
								"east": {"uv": [2, 36], "uv_size": [1, 1]},
								"south": {"uv": [5, 36], "uv_size": [1, 1]},
								"west": {"uv": [4, 36], "uv_size": [1, 1]},
								"up": {"uv": [3, 35], "uv_size": [1, 1]},
								"down": {"uv": [4, 36], "uv_size": [1, -1]}
							}
						},
						{
							"origin": [5.4079, 27.6769, -0.9739],
							"size": [1.7901, 1.1934, 1.1934],
							"uv": {
								"north": {"uv": [40, 23], "uv_size": [-1, 1]},
								"east": {"uv": [41, 23], "uv_size": [-1, 1]},
								"south": {"uv": [42, 23], "uv_size": [-1, 1]},
								"west": {"uv": [39, 23], "uv_size": [-1, 1]},
								"up": {"uv": [40, 22], "uv_size": [-1, 1]},
								"down": {"uv": [41, 23], "uv_size": [-1, -1]}
							}
						},
						{
							"origin": [-5.3327, 27.0802, -1.5706],
							"size": [0.5967, 1.1934, 1.1934],
							"uv": {
								"north": {"uv": [38, 19], "uv_size": [0, 1]},
								"east": {"uv": [37, 19], "uv_size": [1, 1]},
								"south": {"uv": [39, 19], "uv_size": [0, 1]},
								"west": {"uv": [38, 19], "uv_size": [1, 1]},
								"up": {"uv": [38, 18], "uv_size": [0, 1]},
								"down": {"uv": [38, 19], "uv_size": [0, -1]}
							}
						},
						{
							"origin": [4.8112, 27.0802, -1.5706],
							"size": [0.5967, 1.1934, 1.1934],
							"uv": {
								"north": {"uv": [38, 24], "uv_size": [0, 1]},
								"east": {"uv": [37, 24], "uv_size": [1, 1]},
								"south": {"uv": [39, 24], "uv_size": [0, 1]},
								"west": {"uv": [38, 24], "uv_size": [1, 1]},
								"up": {"uv": [38, 23], "uv_size": [0, 1]},
								"down": {"uv": [38, 24], "uv_size": [0, -1]}
							}
						},
						{
							"origin": [-2.9459, 23.5, -5.09113],
							"size": [5.967, 0.5967, 0.65637],
							"uv": {
								"north": {"uv": [32, 7], "uv_size": [5, 0]},
								"east": {"uv": [32, 7], "uv_size": [0, 0]},
								"south": {"uv": [37, 7], "uv_size": [5, 0]},
								"west": {"uv": [37, 7], "uv_size": [0, 0]},
								"up": {"uv": [32, 7], "uv_size": [5, 0]},
								"down": {"uv": [37, 7], "uv_size": [5, 0]}
							}
						},
						{
							"origin": [-0.5591, 31.2571, -5.56849],
							"size": [1.1934, 1.1934, 0.65637],
							"uv": {
								"north": {"uv": [13, 11], "uv_size": [1, 1]},
								"east": {"uv": [13, 11], "uv_size": [0, 1]},
								"south": {"uv": [14, 11], "uv_size": [1, 1]},
								"west": {"uv": [14, 11], "uv_size": [0, 1]},
								"up": {"uv": [13, 11], "uv_size": [1, 0]},
								"down": {"uv": [14, 11], "uv_size": [1, 0]}
							}
						},
						{
							"origin": [-0.5591, 26.4835, -5.32981],
							"size": [1.1934, 0.5967, 0.71604],
							"uv": {
								"north": {"uv": [5, 16], "uv_size": [1, 0]},
								"east": {"uv": [5, 16], "uv_size": [0, 0]},
								"south": {"uv": [6, 16], "uv_size": [1, 0]},
								"west": {"uv": [6, 16], "uv_size": [0, 0]},
								"up": {"uv": [5, 16], "uv_size": [1, 0]},
								"down": {"uv": [6, 16], "uv_size": [1, 0]}
							}
						},
						{
							"origin": [-1.1558, 32.4505, -4.91212],
							"size": [2.3868, 0.29835, 9.90522],
							"uv": {
								"north": {"uv": [9, 62], "uv_size": [2, 0]},
								"east": {"uv": [0, 62], "uv_size": [9, 0]},
								"south": {"uv": [20, 62], "uv_size": [2, 0]},
								"west": {"uv": [11, 62], "uv_size": [9, 0]},
								"up": {"uv": [9, 53], "uv_size": [2, 9]},
								"down": {"uv": [11, 62], "uv_size": [2, -9]}
							}
						},
						{
							"origin": [3.6178, 24.6934, -4.85245],
							"size": [0.5967, 2.3868, 0.29835],
							"uv": {
								"north": {"uv": [17, 6], "uv_size": [0, 2]},
								"east": {"uv": [17, 6], "uv_size": [0, 2]},
								"south": {"uv": [17, 6], "uv_size": [0, 2]},
								"west": {"uv": [17, 6], "uv_size": [0, 2]},
								"up": {"uv": [17, 6], "uv_size": [0, 0]},
								"down": {"uv": [17, 6], "uv_size": [0, 0]}
							}
						},
						{
							"origin": [1.231, 29.467, -5.50882],
							"size": [1.1934, 0.5967, 0.35802],
							"uv": {
								"north": {"uv": [4, 9], "uv_size": [1, 0]},
								"east": {"uv": [4, 9], "uv_size": [0, 0]},
								"south": {"uv": [5, 9], "uv_size": [1, 0]},
								"west": {"uv": [5, 9], "uv_size": [0, 0]},
								"up": {"uv": [4, 9], "uv_size": [1, 0]},
								"down": {"uv": [5, 9], "uv_size": [1, 0]}
							}
						},
						{
							"origin": [1.231, 27.6769, -5.50882],
							"size": [1.1934, 0.5967, 0.35802],
							"uv": {
								"north": {"uv": [4, 9], "uv_size": [1, 0]},
								"east": {"uv": [4, 9], "uv_size": [0, 0]},
								"south": {"uv": [5, 9], "uv_size": [1, 0]},
								"west": {"uv": [5, 9], "uv_size": [0, 0]},
								"up": {"uv": [4, 9], "uv_size": [1, 0]},
								"down": {"uv": [5, 9], "uv_size": [1, 0]}
							}
						},
						{
							"origin": [-2.3492, 29.467, -5.50882],
							"size": [1.1934, 0.5967, 0.35802],
							"uv": {
								"north": {"uv": [4, 9], "uv_size": [1, 0]},
								"east": {"uv": [4, 9], "uv_size": [0, 0]},
								"south": {"uv": [5, 9], "uv_size": [1, 0]},
								"west": {"uv": [5, 9], "uv_size": [0, 0]},
								"up": {"uv": [4, 9], "uv_size": [1, 0]},
								"down": {"uv": [5, 9], "uv_size": [1, 0]}
							}
						},
						{
							"origin": [-2.3492, 27.6769, -5.50882],
							"size": [1.1934, 0.5967, 0.35802],
							"uv": {
								"north": {"uv": [4, 9], "uv_size": [1, 0]},
								"east": {"uv": [4, 9], "uv_size": [0, 0]},
								"south": {"uv": [5, 9], "uv_size": [1, 0]},
								"west": {"uv": [5, 9], "uv_size": [0, 0]},
								"up": {"uv": [4, 9], "uv_size": [1, 0]},
								"down": {"uv": [5, 9], "uv_size": [1, 0]}
							}
						},
						{
							"origin": [-2.9459, 28.2736, -5.50882],
							"size": [0.5967, 0.5967, 0.35802],
							"uv": {
								"north": {"uv": [4, 9], "uv_size": [0, 0]},
								"east": {"uv": [4, 9], "uv_size": [0, 0]},
								"south": {"uv": [4, 9], "uv_size": [0, 0]},
								"west": {"uv": [4, 9], "uv_size": [0, 0]},
								"up": {"uv": [4, 9], "uv_size": [0, 0]},
								"down": {"uv": [4, 9], "uv_size": [0, 0]}
							}
						},
						{
							"origin": [-3.5426, 27.0802, -5.21047],
							"size": [7.1604, 4.1769, 0.41769],
							"uv": {
								"north": {"uv": [6, 24], "uv_size": [7, 4]},
								"east": {"uv": [6, 24], "uv_size": [0, 4]},
								"south": {"uv": [13, 24], "uv_size": [7, 4]},
								"west": {"uv": [13, 24], "uv_size": [0, 4]},
								"up": {"uv": [6, 24], "uv_size": [7, 0]},
								"down": {"uv": [13, 24], "uv_size": [7, 0]}
							}
						},
						{
							"origin": [-2.9459, 30.0637, -5.50882],
							"size": [0.5967, 0.5967, 0.35802],
							"uv": {
								"north": {"uv": [4, 9], "uv_size": [0, 0]},
								"east": {"uv": [4, 9], "uv_size": [0, 0]},
								"south": {"uv": [4, 9], "uv_size": [0, 0]},
								"west": {"uv": [4, 9], "uv_size": [0, 0]},
								"up": {"uv": [4, 9], "uv_size": [0, 0]},
								"down": {"uv": [4, 9], "uv_size": [0, 0]}
							}
						},
						{
							"origin": [2.4244, 30.0637, -5.50882],
							"size": [0.5967, 0.5967, 0.35802],
							"uv": {
								"north": {"uv": [4, 7], "uv_size": [0, 0]},
								"east": {"uv": [4, 7], "uv_size": [0, 0]},
								"south": {"uv": [4, 7], "uv_size": [0, 0]},
								"west": {"uv": [4, 7], "uv_size": [0, 0]},
								"up": {"uv": [4, 7], "uv_size": [0, 0]},
								"down": {"uv": [4, 7], "uv_size": [0, 0]}
							}
						},
						{
							"origin": [2.4244, 28.2736, -5.50882],
							"size": [0.5967, 0.5967, 0.35802],
							"uv": {
								"north": {"uv": [4, 9], "uv_size": [0, 0]},
								"east": {"uv": [4, 9], "uv_size": [0, 0]},
								"south": {"uv": [4, 9], "uv_size": [0, 0]},
								"west": {"uv": [4, 9], "uv_size": [0, 0]},
								"up": {"uv": [4, 9], "uv_size": [0, 0]},
								"down": {"uv": [4, 9], "uv_size": [0, 0]}
							}
						},
						{
							"origin": [-4.1393, 24.6934, -4.85245],
							"size": [0.5967, 2.3868, 0.29835],
							"uv": {
								"north": {"uv": [18, 6], "uv_size": [0, 2]},
								"east": {"uv": [18, 6], "uv_size": [0, 2]},
								"south": {"uv": [18, 6], "uv_size": [0, 2]},
								"west": {"uv": [18, 6], "uv_size": [0, 2]},
								"up": {"uv": [18, 6], "uv_size": [0, 0]},
								"down": {"uv": [18, 6], "uv_size": [0, 0]}
							}
						}
					]
				}
			]
		}
	]
}