{
	"format_version": "1.12.0",
	"minecraft:geometry": [
		{
			"description": {
				"identifier": "geometry.unknown",
				"texture_width": 64,
				"texture_height": 64,
				"visible_bounds_width": 3,
				"visible_bounds_height": 3.5,
				"visible_bounds_offset": [0, 1.25, 0]
			},
			"bones": [
				{
					"name": "head",
					"pivot": [0, 24, 0]
				},
				{
					"name": "body",
					"pivot": [0, 24, 0],
					"cubes": [
						{"origin": [-3, 22, 2], "size": [1, 1, 1], "uv": [49, 56]},
						{"origin": [2, 22, 2], "size": [1, 1, 1], "uv": [48, 56]},
						{"origin": [3, 16, -3], "size": [1, 1, 1], "uv": [29, 62]},
						{"origin": [2, 19, -3], "size": [1, 1, 1], "uv": [10, 1]},
						{"origin": [-3, 19, -3], "size": [1, 1, 1], "uv": [3, 39]},
						{"origin": [-4, 16, -3], "size": [1, 1, 1], "uv": [40, 16]},
						{"origin": [-4, 17, -3], "size": [2, 1, 1], "uv": [5, 19]},
						{"origin": [-1, 15, -3], "size": [2, 1, 1], "uv": [36, 0]},
						{"origin": [2, 17, -3], "size": [2, 1, 1], "uv": [45, 16]},
						{"origin": [1, 20, -3], "size": [2, 1, 1], "uv": [47, 29]},
						{"origin": [-3, 20, -3], "size": [2, 1, 1], "uv": [4, 28]},
						{"origin": [-4, 12, -2], "size": [8, 12, 4], "uv": [16, 16]}
					]
				},
				{
					"name": "right_arm",
					"pivot": [-5, 22, 0],
					"cubes": [
						{"origin": [-8, 12, -2], "size": [4, 12, 4], "uv": [0, 48]},
						{"origin": [-9, 21, -3], "size": [3, 4, 6], "uv": [46, 0]},
						{"origin": [-6, 23, -3], "size": [2, 2, 6], "uv": [0, 0]},
						{"origin": [-9, 15, -1], "size": [1, 4, 2], "uv": [0, 0]},
						{"origin": [-9, 16, -2], "size": [1, 4, 1], "uv": [1, 1]},
						{"origin": [-9, 16, 1], "size": [1, 4, 1], "uv": [1, 1]}
					]
				},
				{
					"name": "left_arm",
					"pivot": [5, 22, 0],
					"cubes": [
						{"origin": [8, 16, -2], "size": [1, 4, 1], "uv": [2, 1]},
						{"origin": [4, 12, -2], "size": [4, 12, 4], "uv": [48, 35]},
						{"origin": [6, 21, -3], "size": [3, 4, 6], "uv": [44, 53]},
						{"origin": [4, 23, -3], "size": [2, 2, 6], "uv": [0, 0]},
						{"origin": [8, 15, -1], "size": [1, 4, 2], "uv": [1, 0]},
						{"origin": [8, 16, 1], "size": [1, 4, 1], "uv": [2, 1]}
					]
				},
				{
					"name": "right_leg",
					"pivot": [-1.9, 12, 0]
				},
				{
					"name": "left_leg",
					"pivot": [1.9, 12, 0]
				}
			]
		}
	]
}