{
    "display": {
        "title": {
            "text": "Hammer",
            "color": "gray",
            "bold": true
        },
        "description": {
            "text": "hammer :3"
        },
        "icon": {
            "item": "infinity:hammer"
        },
        "frame": "task",
        "show_toast": true,
        "announce_to_chat": true,
        "hidden": false
    },
    "criteria": {
        "power": {
            "trigger": "minecraft:inventory_changed",
            "conditions": {
                "items": [
                    {
                        "items": [
                            "infinity:hammer"
                        ]
                    }
                ]
            }
        }
    },
    "requirements": [
        [
            "power"
        ]
    ],
    "parent": "infinity:root"
}
