{
    "display": {
        "title": {
            "text": "Pugmeowla's Infinity Stone Core",
            "color": "yellow",
            "bold": true,
            "underlined": true
        },
        "description": {
            "text": "Hope you enjoy!",
            "color": "yellow"
        },
        "icon": {
            "item": "infinity:pugmeowla"
        },
        "frame": "task",
        "show_toast": true,
        "announce_to_chat": true,
        "hidden": false,
        "background": "infinity:textures/icon/space.png"
    },
    "criteria": {
        "Tick": {
            "trigger": "minecraft:tick"
        }
    },
    "requirements": [
        [
            "Tick"
        ]
    ]
}
