{
	"credit": "Made with Blockbench",
	"texture_size": [64, 64],
	"textures": {
		"0": "infinity:item/double-headed_spear",
		"particle": "infinity:item/double-headed_spear"
	},
	"elements": [
		{
			"from": [7, -16, 7],
			"to": [9, 32, 9],
			"rotation": {"angle": 0, "axis": "y", "origin": [7, 0, 7]},
			"faces": {
				"north": {"uv": [0, 0, 0.5, 12], "texture": "#0"},
				"east": {"uv": [0.5, 0, 1, 12], "texture": "#0"},
				"south": {"uv": [1, 0, 1.5, 12], "texture": "#0"},
				"west": {"uv": [1.5, 0, 2, 12], "texture": "#0"},
				"up": {"uv": [6.5, 8, 6, 7.5], "texture": "#0"},
				"down": {"uv": [6.5, 8, 6, 8.5], "texture": "#0"}
			}
		},
		{
			"from": [6, -15, 6],
			"to": [10, -7, 10],
			"rotation": {"angle": 0, "axis": "y", "origin": [7, -15, 7]},
			"faces": {
				"north": {"uv": [6.5, 6.5, 7.5, 8.5], "texture": "#0"},
				"east": {"uv": [7, 0, 8, 2], "texture": "#0"},
				"south": {"uv": [2, 7.5, 3, 9.5], "texture": "#0"},
				"west": {"uv": [3, 7.5, 4, 9.5], "texture": "#0"},
				"up": {"uv": [10, 2, 9, 1], "texture": "#0"},
				"down": {"uv": [10, 2, 9, 3], "texture": "#0"}
			}
		},
		{
			"from": [6, 8.5, 6],
			"to": [10, 9.5, 10],
			"rotation": {"angle": 0, "axis": "y", "origin": [7, 8.5, 7]},
			"faces": {
				"north": {"uv": [8, 1.25, 9, 1.5], "texture": "#0"},
				"east": {"uv": [8, 1.5, 9, 1.75], "texture": "#0"},
				"south": {"uv": [8, 1.75, 9, 2], "texture": "#0"},
				"west": {"uv": [9, 5, 10, 5.25], "texture": "#0"},
				"up": {"uv": [7, 9.5, 6, 8.5], "texture": "#0"},
				"down": {"uv": [8, 8.5, 7, 9.5], "texture": "#0"}
			}
		},
		{
			"from": [6, 13.5, 6],
			"to": [10, 14.5, 10],
			"rotation": {"angle": 0, "axis": "y", "origin": [7, 13.5, 7]},
			"faces": {
				"north": {"uv": [5.5, 3.5, 6.5, 3.75], "texture": "#0"},
				"east": {"uv": [5.5, 3.75, 6.5, 4], "texture": "#0"},
				"south": {"uv": [7, 3, 8, 3.25], "texture": "#0"},
				"west": {"uv": [7, 3.25, 8, 3.5], "texture": "#0"},
				"up": {"uv": [9, 6.5, 8, 5.5], "texture": "#0"},
				"down": {"uv": [6, 8.5, 5, 9.5], "texture": "#0"}
			}
		},
		{
			"from": [6, 25, 6],
			"to": [10, 30, 10],
			"rotation": {"angle": 0, "axis": "y", "origin": [7, 23, 7]},
			"faces": {
				"north": {"uv": [8, 0, 9, 1.25], "texture": "#0"},
				"east": {"uv": [8, 3, 9, 4.25], "texture": "#0"},
				"south": {"uv": [8, 4.25, 9, 5.5], "texture": "#0"},
				"west": {"uv": [4, 8.5, 5, 9.75], "texture": "#0"},
				"up": {"uv": [10, 4, 9, 3], "texture": "#0"},
				"down": {"uv": [10, 4, 9, 5], "texture": "#0"}
			}
		},
		{
			"from": [5, -7, 5],
			"to": [11, 1, 11],
			"rotation": {"angle": 0, "axis": "y", "origin": [7, -7, 7]},
			"faces": {
				"north": {"uv": [4, 0, 5.5, 2], "texture": "#0"},
				"east": {"uv": [2, 4, 3.5, 6], "texture": "#0"},
				"south": {"uv": [4, 2, 5.5, 4], "texture": "#0"},
				"west": {"uv": [3.5, 4, 5, 6], "texture": "#0"},
				"up": {"uv": [3.5, 7.5, 2, 6], "texture": "#0"},
				"down": {"uv": [5, 6, 3.5, 7.5], "texture": "#0"}
			}
		},
		{
			"from": [5, 18, 5],
			"to": [11, 25, 11],
			"rotation": {"angle": 0, "axis": "y", "origin": [7, 19, 7]},
			"faces": {
				"north": {"uv": [5, 4, 6.5, 5.75], "texture": "#0"},
				"east": {"uv": [5.5, 0, 7, 1.75], "texture": "#0"},
				"south": {"uv": [5.5, 1.75, 7, 3.5], "texture": "#0"},
				"west": {"uv": [5, 5.75, 6.5, 7.5], "texture": "#0"},
				"up": {"uv": [8, 5, 6.5, 3.5], "texture": "#0"},
				"down": {"uv": [8, 5, 6.5, 6.5], "texture": "#0"}
			}
		},
		{
			"from": [4, 1, 4],
			"to": [12, 5, 12],
			"rotation": {"angle": 0, "axis": "y", "origin": [7, 1, 7]},
			"faces": {
				"north": {"uv": [7, 2, 9, 3], "texture": "#0"},
				"east": {"uv": [4, 7.5, 6, 8.5], "texture": "#0"},
				"south": {"uv": [7.5, 6.5, 9.5, 7.5], "texture": "#0"},
				"west": {"uv": [7.5, 7.5, 9.5, 8.5], "texture": "#0"},
				"up": {"uv": [4, 2, 2, 0], "texture": "#0"},
				"down": {"uv": [4, 2, 2, 4], "texture": "#0"}
			}
		}
	],
	"display": {
		"thirdperson_righthand": {
			"rotation": [180, 0, 0],
			"translation": [0, 1.5, 2.25]
		},
		"thirdperson_lefthand": {
			"rotation": [180, 0, 0],
			"translation": [0, 1.5, 2.25]
		},
		"firstperson_righthand": {
			"rotation": [99, 0, 0],
			"translation": [4, 0, -2],
			"scale": [0.5, 0.5, 0.5]
		},
		"firstperson_lefthand": {
			"rotation": [99, 0, 0],
			"translation": [4, 0, -2],
			"scale": [0.5, 0.5, 0.5]
		},
		"ground": {
			"rotation": [90, 0, 0],
			"translation": [0, 1.5, 0]
		},
		"gui": {
			"rotation": [0, 0, 45],
			"scale": [0.4, 0.4, 0.4]
		},
		"fixed": {
			"rotation": [0, 0, 45],
			"scale": [0.5, 0.5, 0.5]
		}
	}
}