{
	"credit": "Made with Blockbench",
	"texture_size": [32, 32],
	"textures": {
		"0": "infinity:item/orb",
		"particle": "infinity:item/orb"
	},
	"elements": [
		{
			"from": [6, 3, 6],
			"to": [10, 4, 10],
			"rotation": {"angle": 0, "axis": "y", "origin": [7, 3, 7]},
			"faces": {
				"north": {"uv": [9, 2, 11, 2.5], "texture": "#0"},
				"east": {"uv": [9, 2.5, 11, 3], "texture": "#0"},
				"south": {"uv": [9, 7, 11, 7.5], "texture": "#0"},
				"west": {"uv": [9, 7.5, 11, 8], "texture": "#0"},
				"up": {"uv": [5, 8, 3, 6], "texture": "#0"},
				"down": {"uv": [8, 3, 6, 5], "texture": "#0"}
			}
		},
		{
			"from": [6, 10, 6],
			"to": [10, 11, 10],
			"rotation": {"angle": 0, "axis": "y", "origin": [7, 10, 7]},
			"faces": {
				"north": {"uv": [9, 8, 11, 8.5], "texture": "#0"},
				"east": {"uv": [9, 8.5, 11, 9], "texture": "#0"},
				"south": {"uv": [9, 9, 11, 9.5], "texture": "#0"},
				"west": {"uv": [9, 9.5, 11, 10], "texture": "#0"},
				"up": {"uv": [7, 8, 5, 6], "texture": "#0"},
				"down": {"uv": [9, 5, 7, 7], "texture": "#0"}
			}
		},
		{
			"from": [6, 5, 11],
			"to": [10, 9, 12],
			"rotation": {"angle": 0, "axis": "x", "origin": [7, 6, 12]},
			"faces": {
				"north": {"uv": [7, 7, 9, 9], "texture": "#0"},
				"east": {"uv": [2, 9, 2.5, 11], "texture": "#0"},
				"south": {"uv": [3, 8, 5, 10], "texture": "#0"},
				"west": {"uv": [2.5, 9, 3, 11], "texture": "#0"},
				"up": {"uv": [5, 10.5, 3, 10], "texture": "#0"},
				"down": {"uv": [12, 3, 10, 3.5], "texture": "#0"}
			}
		},
		{
			"from": [4, 5, 6],
			"to": [5, 9, 10],
			"rotation": {"angle": 0, "axis": "y", "origin": [4, 6, 7]},
			"faces": {
				"north": {"uv": [5, 10, 5.5, 12], "texture": "#0"},
				"east": {"uv": [8, 3, 10, 5], "texture": "#0"},
				"south": {"uv": [5.5, 10, 6, 12], "texture": "#0"},
				"west": {"uv": [5, 8, 7, 10], "texture": "#0"},
				"up": {"uv": [6.5, 12, 6, 10], "texture": "#0"},
				"down": {"uv": [7, 10, 6.5, 12], "texture": "#0"}
			}
		},
		{
			"from": [11, 5, 6],
			"to": [12, 9, 10],
			"rotation": {"angle": 0, "axis": "y", "origin": [11, 6, 7]},
			"faces": {
				"north": {"uv": [9, 10, 9.5, 12], "texture": "#0"},
				"east": {"uv": [0, 9, 2, 11], "texture": "#0"},
				"south": {"uv": [9.5, 10, 10, 12], "texture": "#0"},
				"west": {"uv": [9, 0, 11, 2], "texture": "#0"},
				"up": {"uv": [10.5, 12, 10, 10], "texture": "#0"},
				"down": {"uv": [3.5, 10.5, 3, 12.5], "texture": "#0"}
			}
		},
		{
			"from": [6, 5, 4],
			"to": [10, 9, 5],
			"rotation": {"angle": 0, "axis": "y", "origin": [7, 6, 5]},
			"faces": {
				"north": {"uv": [9, 5, 11, 7], "texture": "#0"},
				"east": {"uv": [3.5, 10.5, 4, 12.5], "texture": "#0"},
				"south": {"uv": [7, 9, 9, 11], "texture": "#0"},
				"west": {"uv": [4, 10.5, 4.5, 12.5], "texture": "#0"},
				"up": {"uv": [12, 4, 10, 3.5], "texture": "#0"},
				"down": {"uv": [12, 4, 10, 4.5], "texture": "#0"}
			}
		},
		{
			"from": [5, 4, 5],
			"to": [11, 10, 11],
			"rotation": {"angle": 0, "axis": "y", "origin": [9, 4, 7]},
			"faces": {
				"north": {"uv": [0, 0, 3, 3], "texture": "#0"},
				"east": {"uv": [0, 3, 3, 6], "texture": "#0"},
				"south": {"uv": [3, 0, 6, 3], "texture": "#0"},
				"west": {"uv": [3, 3, 6, 6], "texture": "#0"},
				"up": {"uv": [3, 9, 0, 6], "texture": "#0"},
				"down": {"uv": [9, 0, 6, 3], "texture": "#0"}
			}
		}
	],
	"display": {
		"thirdperson_righthand": {
			"translation": [0, 2.5, 2],
			"scale": [0.5, 0.5, 0.5]
		},
		"thirdperson_lefthand": {
			"translation": [0, 2.5, 2],
			"scale": [0.5, 0.5, 0.5]
		},
		"firstperson_righthand": {
			"translation": [0, 2.5, 0]
		},
		"firstperson_lefthand": {
			"translation": [0, 2.5, 0]
		},
		"ground": {
			"translation": [0, 2.25, 0]
		},
		"gui": {
			"rotation": [45, 45, 0],
			"translation": [0, 0.5, 0]
		},
		"head": {
			"translation": [0, 9.25, 0]
		}
	}
}