{
	"credit": "Made with Blockbench",
	"texture_size": [32, 32],
	"textures": {
		"0": "infinity:item/scepter",
		"particle": "infinity:item/scepter"
	},
	"elements": [
		{
			"from": [7, -3.5, 5.6],
			"to": [9, -1.5, 7.6],
			"rotation": {"angle": 45, "axis": "x", "origin": [7, -3.5, 5.5]},
			"faces": {
				"north": {"uv": [4, 2.5, 5, 3.5], "texture": "#0"},
				"east": {"uv": [4, 3.5, 5, 4.5], "texture": "#0"},
				"south": {"uv": [4.5, 0, 5.5, 1], "texture": "#0"},
				"west": {"uv": [4.5, 1, 5.5, 2], "texture": "#0"},
				"up": {"uv": [5, 5.5, 4, 4.5], "texture": "#0"},
				"down": {"uv": [1, 5, 0, 6], "texture": "#0"}
			}
		},
		{
			"from": [7, 14.75, 6.6],
			"to": [9, 16.75, 8.6],
			"rotation": {"angle": 45, "axis": "x", "origin": [7, 14.75, 6.5]},
			"faces": {
				"north": {"uv": [1, 5, 2, 6], "texture": "#0"},
				"east": {"uv": [5, 2, 6, 3], "texture": "#0"},
				"south": {"uv": [5, 3, 6, 4], "texture": "#0"},
				"west": {"uv": [5, 4, 6, 5], "texture": "#0"},
				"up": {"uv": [6, 6, 5, 5], "texture": "#0"},
				"down": {"uv": [6.5, 0, 5.5, 1], "texture": "#0"}
			}
		},
		{
			"from": [7.5, -0.5, 7.5],
			"to": [8.5, 14.5, 8.5],
			"rotation": {"angle": 0, "axis": "y", "origin": [7.5, -3.5, 6.5]},
			"faces": {
				"north": {"uv": [0, 0, 0.5, 5], "texture": "#0"},
				"east": {"uv": [0.5, 0, 1, 5], "texture": "#0"},
				"south": {"uv": [1, 0, 1.5, 5], "texture": "#0"},
				"west": {"uv": [1.5, 0, 2, 5], "texture": "#0"},
				"up": {"uv": [7.5, 3.5, 7, 3], "texture": "#0"},
				"down": {"uv": [7.5, 3.5, 7, 4], "texture": "#0"}
			}
		},
		{
			"from": [7.25, 14.5, 7.5],
			"to": [8.75, 17.5, 8.5],
			"rotation": {"angle": -22.5, "axis": "x", "origin": [7.75, 14.5, 6.5]},
			"faces": {
				"north": {"uv": [3, 0, 4, 1.5], "texture": "#0"},
				"east": {"uv": [4, 6.5, 4.5, 8], "texture": "#0"},
				"south": {"uv": [3, 1.5, 4, 3], "texture": "#0"},
				"west": {"uv": [6.5, 4, 7, 5.5], "texture": "#0"},
				"up": {"uv": [7.5, 0.5, 6.5, 0], "texture": "#0"},
				"down": {"uv": [7.5, 0.5, 6.5, 1], "texture": "#0"}
			}
		},
		{
			"from": [7, 14.5, 7.75],
			"to": [9, 18.5, 8.75],
			"rotation": {"angle": 0, "axis": "x", "origin": [8, 14.5, 6.75]},
			"faces": {
				"north": {"uv": [2, 0, 3, 2], "texture": "#0"},
				"east": {"uv": [6, 6, 6.5, 8], "texture": "#0"},
				"south": {"uv": [2, 2, 3, 4], "texture": "#0"},
				"west": {"uv": [2, 6.5, 2.5, 8.5], "texture": "#0"},
				"up": {"uv": [8, 2.5, 7, 2], "texture": "#0"},
				"down": {"uv": [8, 2.5, 7, 3], "texture": "#0"}
			}
		},
		{
			"from": [7.5, -2.5, 6.5],
			"to": [8.5, 0.5, 7.5],
			"rotation": {"angle": 22.5, "axis": "x", "origin": [7.5, -2.5, 5.5]},
			"faces": {
				"north": {"uv": [2.5, 4, 3, 5.5], "texture": "#0"},
				"east": {"uv": [2.5, 6.5, 3, 8], "texture": "#0"},
				"south": {"uv": [3, 6.5, 3.5, 8], "texture": "#0"},
				"west": {"uv": [3.5, 6.5, 4, 8], "texture": "#0"},
				"up": {"uv": [5, 2.5, 4.5, 2], "texture": "#0"},
				"down": {"uv": [2, 7, 1.5, 7.5], "texture": "#0"}
			}
		},
		{
			"from": [7.5, 17.5, 8],
			"to": [8.5, 22.5, 9],
			"rotation": {"angle": -22.5, "axis": "x", "origin": [7.5, 17.5, 7]},
			"faces": {
				"north": {"uv": [3, 3, 3.5, 5.5], "texture": "#0"},
				"east": {"uv": [3.5, 3, 4, 5.5], "texture": "#0"},
				"south": {"uv": [4, 0, 4.5, 2.5], "texture": "#0"},
				"west": {"uv": [2, 4, 2.5, 6.5], "texture": "#0"},
				"up": {"uv": [7.5, 4.5, 7, 4], "texture": "#0"},
				"down": {"uv": [7.5, 4.5, 7, 5], "texture": "#0"}
			}
		},
		{
			"from": [8, 22.75, 2],
			"to": [8, 23.75, 6],
			"rotation": {"angle": 45, "axis": "x", "origin": [8, 21.75, 5]},
			"faces": {
				"north": {"uv": [0, 0, 0, 0.5], "texture": "#0"},
				"east": {"uv": [5.5, 1, 7.5, 1.5], "texture": "#0"},
				"south": {"uv": [0, 0, 0, 0.5], "texture": "#0"},
				"west": {"uv": [5.5, 1.5, 7.5, 2], "texture": "#0"},
				"up": {"uv": [0, 2, 0, 0], "texture": "#0"},
				"down": {"uv": [0, 0, 0, 2], "texture": "#0"}
			}
		},
		{
			"from": [7.5, 14.25, 7.25],
			"to": [8.5, 18.5, 8.25],
			"rotation": {"angle": -45, "axis": "x", "origin": [7.5, 15.5, 6.25]},
			"faces": {
				"north": {"uv": [4.5, 5.5, 5, 7.5], "texture": "#0"},
				"east": {"uv": [6, 4, 6.5, 6], "texture": "#0"},
				"south": {"uv": [5, 6, 5.5, 8], "texture": "#0"},
				"west": {"uv": [5.5, 6, 6, 8], "texture": "#0"},
				"up": {"uv": [7.5, 5.5, 7, 5], "texture": "#0"},
				"down": {"uv": [7.5, 5.5, 7, 6], "texture": "#0"}
			}
		},
		{
			"from": [8, 15.75, 6.5],
			"to": [8, 19, 7.5],
			"rotation": {"angle": -22.5, "axis": "x", "origin": [8, 18, 5.5]},
			"faces": {
				"north": {"uv": [0, 0, 0, 1.5], "texture": "#0"},
				"east": {"uv": [0.5, 7, 1, 8.5], "texture": "#0"},
				"south": {"uv": [0, 0, 0, 1.5], "texture": "#0"},
				"west": {"uv": [1, 7, 1.5, 8.5], "texture": "#0"},
				"up": {"uv": [0, 0.5, 0, 0], "texture": "#0"},
				"down": {"uv": [0, 0, 0, 0.5], "texture": "#0"}
			}
		},
		{
			"from": [8, 17.25, 5],
			"to": [8, 20.5, 6],
			"rotation": {"angle": -22.5, "axis": "x", "origin": [8, 18.5, 4]},
			"faces": {
				"north": {"uv": [0, 0, 0, 1.5], "texture": "#0"},
				"east": {"uv": [6.5, 5.5, 7, 7], "texture": "#0"},
				"south": {"uv": [0, 0, 0, 1.5], "texture": "#0"},
				"west": {"uv": [0, 7, 0.5, 8.5], "texture": "#0"},
				"up": {"uv": [0, 0.5, 0, 0], "texture": "#0"},
				"down": {"uv": [0, 0, 0, 0.5], "texture": "#0"}
			}
		}
	],
	"display": {
		"thirdperson_righthand": {
			"translation": [0, -2, 1.5]
		},
		"thirdperson_lefthand": {
			"translation": [0, -2, 1.5]
		},
		"firstperson_righthand": {
			"rotation": [0, 0, -10],
			"translation": [0, 0, 1.75]
		},
		"firstperson_lefthand": {
			"rotation": [0, 0, -10],
			"translation": [0, 0, 1.75]
		},
		"ground": {
			"rotation": [90, 90, 0],
			"translation": [0, -1.5, 0]
		},
		"gui": {
			"rotation": [90, -45, 90],
			"translation": [0, -1.75, -1],
			"scale": [0.6, 0.6, 0.6]
		},
		"head": {
			"rotation": [-56, 0, 0],
			"translation": [0, 3.25, -4.5]
		},
		"fixed": {
			"rotation": [90, -45, 90],
			"translation": [0, -2.5, -1],
			"scale": [0.8, 0.8, 0.8]
		}
	}
}