{
	"credit": "Made with Blockbench",
	"textures": {
		"0": "infinity:item/infinity_gauntlet_item",
		"particle": "infinity:item/infinity_gauntlet_item"
	},
	"elements": [
		{
			"name": "infinity_gauntlet_0",
			"from": [6, 1, 9],
			"to": [7, 14, 10],
			"rotation": {"angle": 0, "axis": "y", "origin": [0, 0, 9]},
			"faces": {
				"north": {"uv": [7, 2, 6, 15], "texture": "#0"},
				"east": {"uv": [6, 2, 7, 15], "texture": "#0"},
				"south": {"uv": [6, 2, 7, 15], "texture": "#0"},
				"west": {"uv": [6, 2, 7, 15], "texture": "#0"},
				"up": {"uv": [6, 2, 7, 3], "texture": "#0"},
				"down": {"uv": [6, 14, 7, 15], "texture": "#0"}
			}
		},
		{
			"name": "infinity_gauntlet_1",
			"from": [8, 1, 9],
			"to": [9, 14, 10],
			"rotation": {"angle": 0, "axis": "y", "origin": [0, 0, 9]},
			"faces": {
				"north": {"uv": [9, 2, 8, 15], "texture": "#0"},
				"east": {"uv": [8, 2, 9, 15], "texture": "#0"},
				"south": {"uv": [8, 2, 9, 15], "texture": "#0"},
				"west": {"uv": [8, 2, 9, 15], "texture": "#0"},
				"up": {"uv": [8, 2, 9, 3], "texture": "#0"},
				"down": {"uv": [8, 14, 9, 15], "texture": "#0"}
			}
		},
		{
			"name": "infinity_gauntlet_2",
			"from": [4, 2, 9],
			"to": [6, 13, 10],
			"rotation": {"angle": 0, "axis": "y", "origin": [0, 0, 9]},
			"faces": {
				"north": {"uv": [6, 3, 4, 14], "texture": "#0"},
				"east": {"uv": [5, 3, 6, 14], "texture": "#0"},
				"south": {"uv": [4, 3, 6, 14], "texture": "#0"},
				"west": {"uv": [4, 3, 5, 14], "texture": "#0"},
				"up": {"uv": [4, 3, 6, 4], "texture": "#0"},
				"down": {"uv": [4, 13, 6, 14], "texture": "#0"}
			}
		},
		{
			"name": "infinity_gauntlet_3",
			"from": [7, 1, 9],
			"to": [8, 13, 10],
			"rotation": {"angle": 0, "axis": "y", "origin": [0, 0, 9]},
			"faces": {
				"north": {"uv": [8, 3, 7, 15], "texture": "#0"},
				"east": {"uv": [7, 3, 8, 15], "texture": "#0"},
				"south": {"uv": [7, 3, 8, 15], "texture": "#0"},
				"west": {"uv": [7, 3, 8, 15], "texture": "#0"},
				"up": {"uv": [7, 3, 8, 4], "texture": "#0"},
				"down": {"uv": [7, 14, 8, 15], "texture": "#0"}
			}
		},
		{
			"name": "infinity_gauntlet_4",
			"from": [9, 1, 9],
			"to": [10, 13, 10],
			"rotation": {"angle": 0, "axis": "y", "origin": [0, 0, 9]},
			"faces": {
				"north": {"uv": [10, 3, 9, 15], "texture": "#0"},
				"east": {"uv": [9, 3, 10, 15], "texture": "#0"},
				"south": {"uv": [9, 3, 10, 15], "texture": "#0"},
				"west": {"uv": [9, 3, 10, 15], "texture": "#0"},
				"up": {"uv": [9, 3, 10, 4], "texture": "#0"},
				"down": {"uv": [9, 14, 10, 15], "texture": "#0"}
			}
		},
		{
			"name": "infinity_gauntlet_5",
			"from": [3, 3, 9],
			"to": [4, 12, 10],
			"rotation": {"angle": 0, "axis": "y", "origin": [0, 0, 9]},
			"faces": {
				"north": {"uv": [4, 4, 3, 13], "texture": "#0"},
				"east": {"uv": [3, 4, 4, 13], "texture": "#0"},
				"south": {"uv": [3, 4, 4, 13], "texture": "#0"},
				"west": {"uv": [3, 4, 4, 13], "texture": "#0"},
				"up": {"uv": [3, 4, 4, 5], "texture": "#0"},
				"down": {"uv": [3, 12, 4, 13], "texture": "#0"}
			}
		},
		{
			"name": "infinity_gauntlet_6",
			"from": [10, 2, 9],
			"to": [11, 12, 10],
			"rotation": {"angle": 0, "axis": "y", "origin": [0, 0, 9]},
			"faces": {
				"north": {"uv": [11, 4, 10, 14], "texture": "#0"},
				"east": {"uv": [10, 4, 11, 14], "texture": "#0"},
				"south": {"uv": [10, 4, 11, 14], "texture": "#0"},
				"west": {"uv": [10, 4, 11, 14], "texture": "#0"},
				"up": {"uv": [10, 4, 11, 5], "texture": "#0"},
				"down": {"uv": [10, 13, 11, 14], "texture": "#0"}
			}
		},
		{
			"name": "infinity_gauntlet_7",
			"from": [11, 3, 9],
			"to": [12, 11, 10],
			"rotation": {"angle": 0, "axis": "y", "origin": [0, 0, 9]},
			"faces": {
				"north": {"uv": [12, 5, 11, 13], "texture": "#0"},
				"east": {"uv": [11, 5, 12, 13], "texture": "#0"},
				"south": {"uv": [11, 5, 12, 13], "texture": "#0"},
				"west": {"uv": [11, 5, 12, 13], "texture": "#0"},
				"up": {"uv": [11, 5, 12, 6], "texture": "#0"},
				"down": {"uv": [11, 12, 12, 13], "texture": "#0"}
			}
		},
		{
			"name": "infinity_gauntlet_8",
			"from": [12, 5, 9],
			"to": [13, 10, 10],
			"rotation": {"angle": 0, "axis": "y", "origin": [0, 0, 9]},
			"faces": {
				"north": {"uv": [13, 6, 12, 11], "texture": "#0"},
				"east": {"uv": [12, 6, 13, 11], "texture": "#0"},
				"south": {"uv": [12, 6, 13, 11], "texture": "#0"},
				"west": {"uv": [12, 6, 13, 11], "texture": "#0"},
				"up": {"uv": [12, 6, 13, 7], "texture": "#0"},
				"down": {"uv": [12, 10, 13, 11], "texture": "#0"}
			}
		},
		{
			"name": "infinity_gauntlet_9",
			"from": [13, 6, 9],
			"to": [14, 9, 10],
			"rotation": {"angle": 0, "axis": "y", "origin": [0, 0, 9]},
			"faces": {
				"north": {"uv": [14, 7, 13, 10], "texture": "#0"},
				"east": {"uv": [13, 7, 14, 10], "texture": "#0"},
				"south": {"uv": [13, 7, 14, 10], "texture": "#0"},
				"west": {"uv": [13, 7, 14, 10], "texture": "#0"},
				"up": {"uv": [13, 7, 14, 8], "texture": "#0"},
				"down": {"uv": [13, 9, 14, 10], "texture": "#0"}
			}
		},
		{
			"name": "infinity_gauntlet_10",
			"from": [5, 1, 9],
			"to": [6, 2, 10],
			"rotation": {"angle": 0, "axis": "y", "origin": [0, 0, 9]},
			"faces": {
				"north": {"uv": [6, 14, 5, 15], "texture": "#0"},
				"east": {"uv": [5, 14, 6, 15], "texture": "#0"},
				"south": {"uv": [5, 14, 6, 15], "texture": "#0"},
				"west": {"uv": [5, 14, 6, 15], "texture": "#0"},
				"up": {"uv": [5, 14, 6, 15], "texture": "#0"},
				"down": {"uv": [5, 14, 6, 15], "texture": "#0"}
			}
		}
	],
	"display": {
		"thirdperson_righthand": {
			"scale": [0, 0, 0]
		},
		"thirdperson_lefthand": {
			"scale": [0, 0, 0]
		},
		"firstperson_righthand": {
			"scale": [0, 0, 0]
		},
		"firstperson_lefthand": {
			"scale": [0, 0, 0]
		},
		"ground": {
			"rotation": [90, 0, 0]
		},
		"gui": {
			"translation": [0, 0.5, 0]
		},
		"head": {
			"scale": [0, 0, 0]
		},
		"fixed": {
			"translation": [0, 0, -0.75]
		}
	},
	"groups": [
		{
			"name": "infinity_gauntlet",
			"origin": [8, 8, 8],
			"color": 0,
			"children": [0, 1, 2, 3, 4, 5, 6, 7, 8, 9, 10]
		}
	]
}