{
	"credit": "Made with Blockbench",
	"texture_size": [32, 32],
	"textures": {
		"0": "infinity:item/double_edged_sword",
		"particle": "infinity:item/double_edged_sword"
	},
	"elements": [
		{
			"from": [6.75, 11.25, 8],
			"to": [9.25, 23, 9],
			"rotation": {"angle": 0, "axis": "y", "origin": [6.75, 17.5, 8]},
			"faces": {
				"north": {"uv": [4.25, 0, 3, 6], "texture": "#0"},
				"east": {"uv": [0.5, 6, 1, 12], "texture": "#0"},
				"south": {"uv": [4.5, 0, 5.75, 6], "texture": "#0"},
				"west": {"uv": [1, 6, 1.5, 12], "texture": "#0"},
				"up": {"uv": [9.75, 1, 8.5, 0.5], "texture": "#0"},
				"down": {"uv": [9.75, 1, 8.5, 1.5], "texture": "#0"}
			}
		},
		{
			"from": [7.5, 23, 8],
			"to": [9.25, 24, 9],
			"rotation": {"angle": 0, "axis": "y", "origin": [6.75, 20.25, 8]},
			"faces": {
				"north": {"uv": [9, 6.5, 10, 7], "texture": "#0"},
				"east": {"uv": [1.5, 10, 2, 10.5], "texture": "#0"},
				"south": {"uv": [9, 7, 10, 7.5], "texture": "#0"},
				"west": {"uv": [2, 10, 2.5, 10.5], "texture": "#0"},
				"up": {"uv": [10, 9, 9, 8.5], "texture": "#0"},
				"down": {"uv": [10, 9, 9, 9.5], "texture": "#0"}
			}
		},
		{
			"from": [8.5, 24, 8],
			"to": [9.25, 25, 9],
			"rotation": {"angle": 0, "axis": "y", "origin": [6.75, 21.25, 8]},
			"faces": {
				"north": {"uv": [8.5, 3.5, 9, 4], "texture": "#0"},
				"east": {"uv": [5, 9.5, 5.5, 10], "texture": "#0"},
				"south": {"uv": [5.5, 9.5, 6, 10], "texture": "#0"},
				"west": {"uv": [6, 9.5, 6.5, 10], "texture": "#0"},
				"up": {"uv": [7, 10, 6.5, 9.5], "texture": "#0"},
				"down": {"uv": [7.5, 9.5, 7, 10], "texture": "#0"}
			}
		},
		{
			"from": [10.5, 24, 8],
			"to": [13.5, 24.75, 9],
			"rotation": {"angle": 45, "axis": "z", "origin": [10.5, 19.25, 8]},
			"faces": {
				"north": {"uv": [7.5, 4, 9, 4.5], "texture": "#0"},
				"east": {"uv": [10, 0.5, 10.5, 1], "texture": "#0"},
				"south": {"uv": [7.5, 4.5, 9, 5], "texture": "#0"},
				"west": {"uv": [10, 1, 10.5, 1.5], "texture": "#0"},
				"up": {"uv": [9, 5.5, 7.5, 5], "texture": "#0"},
				"down": {"uv": [9, 5.5, 7.5, 6], "texture": "#0"}
			}
		},
		{
			"from": [7, 5.75, 7.75],
			"to": [9, 6.25, 9.25],
			"rotation": {"angle": 0, "axis": "y", "origin": [7, 5.75, 7]},
			"faces": {
				"north": {"uv": [7.5, 9.5, 8.5, 9.75], "texture": "#0"},
				"east": {"uv": [10, 5.5, 10.75, 5.75], "texture": "#0"},
				"south": {"uv": [9.5, 7.5, 10.5, 7.75], "texture": "#0"},
				"west": {"uv": [6, 10, 6.75, 10.25], "texture": "#0"},
				"up": {"uv": [8.5, 0.75, 7.5, 0], "texture": "#0"},
				"down": {"uv": [8.5, 1, 7.5, 1.75], "texture": "#0"}
			}
		},
		{
			"from": [7, 10.75, 7.75],
			"to": [9, 11.25, 9.25],
			"rotation": {"angle": 0, "axis": "y", "origin": [7, 10.25, 7]},
			"faces": {
				"north": {"uv": [9.5, 8, 10.5, 8.25], "texture": "#0"},
				"east": {"uv": [10, 6, 10.75, 6.25], "texture": "#0"},
				"south": {"uv": [8.5, 9.5, 9.5, 9.75], "texture": "#0"},
				"west": {"uv": [10, 6.5, 10.75, 6.75], "texture": "#0"},
				"up": {"uv": [8.5, 2.75, 7.5, 2], "texture": "#0"},
				"down": {"uv": [8.5, 3, 7.5, 3.75], "texture": "#0"}
			}
		},
		{
			"from": [7.5, 6.25, 8],
			"to": [8.5, 10.75, 9],
			"rotation": {"angle": 0, "axis": "y", "origin": [7, 8.75, 7]},
			"faces": {
				"north": {"uv": [7, 0, 7.5, 2.25], "texture": "#0"},
				"east": {"uv": [7, 2.5, 7.5, 4.75], "texture": "#0"},
				"south": {"uv": [7, 5, 7.5, 7.25], "texture": "#0"},
				"west": {"uv": [6.5, 7, 7, 9.25], "texture": "#0"},
				"up": {"uv": [10, 10, 9.5, 9.5], "texture": "#0"},
				"down": {"uv": [10.5, 0, 10, 0.5], "texture": "#0"}
			}
		},
		{
			"from": [9.25, 5.25, 7.75],
			"to": [10.75, 5.75, 9.25],
			"rotation": {"angle": 45, "axis": "z", "origin": [8.75, 5.25, 7]},
			"faces": {
				"north": {"uv": [9, 10, 9.75, 10.25], "texture": "#0"},
				"east": {"uv": [10, 9, 10.75, 9.25], "texture": "#0"},
				"south": {"uv": [10, 9.5, 10.75, 9.75], "texture": "#0"},
				"west": {"uv": [10, 10, 10.75, 10.25], "texture": "#0"},
				"up": {"uv": [7.75, 9.25, 7, 8.5], "texture": "#0"},
				"down": {"uv": [9.25, 7.5, 8.5, 8.25], "texture": "#0"}
			}
		},
		{
			"from": [6, 7, 7.75],
			"to": [7.5, 7.5, 9.25],
			"rotation": {"angle": -45, "axis": "z", "origin": [5.5, 7, 7]},
			"faces": {
				"north": {"uv": [7, 10, 7.75, 10.25], "texture": "#0"},
				"east": {"uv": [10, 7, 10.75, 7.25], "texture": "#0"},
				"south": {"uv": [8, 10, 8.75, 10.25], "texture": "#0"},
				"west": {"uv": [10, 8.5, 10.75, 8.75], "texture": "#0"},
				"up": {"uv": [9.25, 2.25, 8.5, 1.5], "texture": "#0"},
				"down": {"uv": [9.25, 2.5, 8.5, 3.25], "texture": "#0"}
			}
		},
		{
			"from": [6.53033, 11.34099, 7.75],
			"to": [8.03033, 11.84099, 9.25],
			"rotation": {"angle": 45, "axis": "z", "origin": [8, 10.25, 7]},
			"faces": {
				"north": {"uv": [10.5, 2, 11.25, 2.25], "texture": "#0"},
				"east": {"uv": [2.5, 10.5, 3.25, 10.75], "texture": "#0"},
				"south": {"uv": [10.5, 2.5, 11.25, 2.75], "texture": "#0"},
				"west": {"uv": [10.5, 3, 11.25, 3.25], "texture": "#0"},
				"up": {"uv": [9.75, 5.25, 9, 4.5], "texture": "#0"},
				"down": {"uv": [9.75, 5.5, 9, 6.25], "texture": "#0"}
			}
		},
		{
			"from": [9.09099, 8.80546, 7.75],
			"to": [9.59099, 10.30546, 9.25],
			"rotation": {"angle": 45, "axis": "z", "origin": [8, 10.25, 7]},
			"faces": {
				"north": {"uv": [10.5, 0, 10.75, 0.75], "texture": "#0"},
				"east": {"uv": [8, 8.5, 8.75, 9.25], "texture": "#0"},
				"south": {"uv": [10.5, 1, 10.75, 1.75], "texture": "#0"},
				"west": {"uv": [9, 3.5, 9.75, 4.25], "texture": "#0"},
				"up": {"uv": [1.75, 11.25, 1.5, 10.5], "texture": "#0"},
				"down": {"uv": [2.25, 10.5, 2, 11.25], "texture": "#0"}
			}
		},
		{
			"from": [9, 11.25, 7.75],
			"to": [9.75, 18, 9.25],
			"rotation": {"angle": 0, "axis": "y", "origin": [9, 11, 7.5]},
			"faces": {
				"north": {"uv": [5.5, 6, 6, 9.5], "texture": "#0"},
				"east": {"uv": [1.5, 6, 2.25, 9.5], "texture": "#0"},
				"south": {"uv": [6, 6, 6.5, 9.5], "texture": "#0"},
				"west": {"uv": [2.5, 6, 3.25, 9.5], "texture": "#0"},
				"up": {"uv": [10, 3.25, 9.5, 2.5], "texture": "#0"},
				"down": {"uv": [4, 9.5, 3.5, 10.25], "texture": "#0"}
			}
		}
	],
	"display": {
		"thirdperson_righthand": {
			"rotation": [0, -90, 0],
			"translation": [1, -3, 2],
			"scale": [2, 2, 2]
		},
		"thirdperson_lefthand": {
			"rotation": [0, 90, 0],
			"translation": [-1, -3, 2],
			"scale": [2, 2, 2]
		},
		"firstperson_righthand": {
			"rotation": [24, -85, -2],
			"translation": [-1.25, -0.25, 0],
			"scale": [0.75, 0.75, 0.75]
		},
		"firstperson_lefthand": {
			"rotation": [24, 85, -2],
			"translation": [-1.25, -0.25, 0],
			"scale": [0.75, 0.75, 0.75]
		},
		"ground": {
			"rotation": [90, 0, 90],
			"translation": [0, -4.25, 0],
			"scale": [2, 2, 2]
		},
		"gui": {
			"rotation": [0, 180, 45],
			"translation": [-4.5, -5.25, 0]
		},
		"head": {
			"translation": [0, 6, 0]
		},
		"fixed": {
			"rotation": [0, 0, 45],
			"translation": [4, -4.75, 0]
		}
	}
}