{
	"credit": "Made with Blockbench",
	"texture_size": [32, 32],
	"textures": {
		"1": "infinity:item/aether",
		"particle": "infinity:item/aether"
	},
	"elements": [
		{
			"from": [4.5, 0, 4.5],
			"to": [11.5, 1, 11.5],
			"rotation": {"angle": 0, "axis": "y", "origin": [5, 0, 4]},
			"faces": {
				"north": {"uv": [9.5, 4.5, 13, 5], "texture": "#1"},
				"east": {"uv": [9.5, 5, 13, 5.5], "texture": "#1"},
				"south": {"uv": [10.5, 5.5, 14, 6], "texture": "#1"},
				"west": {"uv": [10.5, 6, 14, 6.5], "texture": "#1"},
				"up": {"uv": [3.5, 3.5, 0, 0], "texture": "#1"},
				"down": {"uv": [3.5, 3.5, 0, 7], "texture": "#1"}
			}
		},
		{
			"from": [4.5, 8, 4.5],
			"to": [11.5, 9, 11.5],
			"rotation": {"angle": 0, "axis": "y", "origin": [5, 8, 4]},
			"faces": {
				"north": {"uv": [10.5, 6.5, 14, 7], "texture": "#1"},
				"east": {"uv": [10.5, 7, 14, 7.5], "texture": "#1"},
				"south": {"uv": [10.5, 7.5, 14, 8], "texture": "#1"},
				"west": {"uv": [10, 11, 13.5, 11.5], "texture": "#1"},
				"up": {"uv": [7, 3.5, 3.5, 0], "texture": "#1"},
				"down": {"uv": [7, 3.5, 3.5, 7], "texture": "#1"}
			}
		},
		{
			"from": [5, 9, 5],
			"to": [11, 10, 11],
			"rotation": {"angle": 0, "axis": "y", "origin": [10, 9, 9]},
			"faces": {
				"north": {"uv": [8, 11.5, 11, 12], "texture": "#1"},
				"east": {"uv": [11, 11.5, 14, 12], "texture": "#1"},
				"south": {"uv": [12, 3, 15, 3.5], "texture": "#1"},
				"west": {"uv": [12, 3.5, 15, 4], "texture": "#1"},
				"up": {"uv": [3, 10, 0, 7], "texture": "#1"},
				"down": {"uv": [10, 0, 7, 3], "texture": "#1"}
			}
		},
		{
			"from": [5, 1, 5],
			"to": [6, 8, 6],
			"rotation": {"angle": 0, "axis": "y", "origin": [5, 1, 5]},
			"faces": {
				"north": {"uv": [2.5, 10, 3, 13.5], "texture": "#1"},
				"east": {"uv": [5, 11, 5.5, 14.5], "texture": "#1"},
				"south": {"uv": [5.5, 11, 6, 14.5], "texture": "#1"},
				"west": {"uv": [6, 11, 6.5, 14.5], "texture": "#1"},
				"up": {"uv": [8, 10, 7.5, 9.5], "texture": "#1"},
				"down": {"uv": [10.5, 12.5, 10, 13], "texture": "#1"}
			}
		},
		{
			"from": [5, 1, 10],
			"to": [6, 8, 11],
			"rotation": {"angle": 0, "axis": "y", "origin": [5, 1, 10]},
			"faces": {
				"north": {"uv": [6.5, 11, 7, 14.5], "texture": "#1"},
				"east": {"uv": [7, 11, 7.5, 14.5], "texture": "#1"},
				"south": {"uv": [0, 11.5, 0.5, 15], "texture": "#1"},
				"west": {"uv": [0.5, 11.5, 1, 15], "texture": "#1"},
				"up": {"uv": [13, 10.5, 12.5, 10], "texture": "#1"},
				"down": {"uv": [11, 12.5, 10.5, 13], "texture": "#1"}
			}
		},
		{
			"from": [10, 1, 10],
			"to": [11, 8, 11],
			"rotation": {"angle": 0, "axis": "y", "origin": [10, 1, 10]},
			"faces": {
				"north": {"uv": [1, 11.5, 1.5, 15], "texture": "#1"},
				"east": {"uv": [1.5, 11.5, 2, 15], "texture": "#1"},
				"south": {"uv": [2, 11.5, 2.5, 15], "texture": "#1"},
				"west": {"uv": [3, 11.5, 3.5, 15], "texture": "#1"},
				"up": {"uv": [13, 11, 12.5, 10.5], "texture": "#1"},
				"down": {"uv": [11.5, 12.5, 11, 13], "texture": "#1"}
			}
		},
		{
			"from": [10, 1, 5],
			"to": [11, 8, 6],
			"rotation": {"angle": 0, "axis": "y", "origin": [10, 1, 5]},
			"faces": {
				"north": {"uv": [3.5, 11.5, 4, 15], "texture": "#1"},
				"east": {"uv": [4, 11.5, 4.5, 15], "texture": "#1"},
				"south": {"uv": [4.5, 11.5, 5, 15], "texture": "#1"},
				"west": {"uv": [7.5, 11.5, 8, 15], "texture": "#1"},
				"up": {"uv": [12, 13, 11.5, 12.5], "texture": "#1"},
				"down": {"uv": [12.5, 12.5, 12, 13], "texture": "#1"}
			}
		},
		{
			"from": [6, 10, 7.5],
			"to": [7, 12, 8.5],
			"rotation": {"angle": 0, "axis": "y", "origin": [6, 10, 7]},
			"faces": {
				"north": {"uv": [7, 5.5, 7.5, 6.5], "texture": "#1"},
				"east": {"uv": [7.5, 5.5, 8, 6.5], "texture": "#1"},
				"south": {"uv": [12.5, 0, 13, 1], "texture": "#1"},
				"west": {"uv": [12.5, 1, 13, 2], "texture": "#1"},
				"up": {"uv": [13, 13, 12.5, 12.5], "texture": "#1"},
				"down": {"uv": [13.5, 0, 13, 0.5], "texture": "#1"}
			}
		},
		{
			"from": [9, 10, 7.5],
			"to": [10, 12, 8.5],
			"rotation": {"angle": 0, "axis": "y", "origin": [9, 10, 7]},
			"faces": {
				"north": {"uv": [12.5, 2, 13, 3], "texture": "#1"},
				"east": {"uv": [8, 12.5, 8.5, 13.5], "texture": "#1"},
				"south": {"uv": [12.5, 8, 13, 9], "texture": "#1"},
				"west": {"uv": [8.5, 12.5, 9, 13.5], "texture": "#1"},
				"up": {"uv": [13.5, 1, 13, 0.5], "texture": "#1"},
				"down": {"uv": [13.5, 1, 13, 1.5], "texture": "#1"}
			}
		},
		{
			"from": [7, 11, 7.5],
			"to": [9, 12, 8.5],
			"rotation": {"angle": 0, "axis": "y", "origin": [7, 11, 7]},
			"faces": {
				"north": {"uv": [7, 6.5, 8, 7], "texture": "#1"},
				"east": {"uv": [13, 1.5, 13.5, 2], "texture": "#1"},
				"south": {"uv": [9, 12.5, 10, 13], "texture": "#1"},
				"west": {"uv": [13, 2, 13.5, 2.5], "texture": "#1"},
				"up": {"uv": [13.5, 9.5, 12.5, 9], "texture": "#1"},
				"down": {"uv": [13.5, 9.5, 12.5, 10], "texture": "#1"}
			}
		},
		{
			"from": [5.5, 1, 5.5],
			"to": [10.5, 4, 10.5],
			"rotation": {"angle": 0, "axis": "y", "origin": [5, 1, 9]},
			"faces": {
				"north": {"uv": [9.5, 3, 12, 4.5], "texture": "#1"},
				"east": {"uv": [5, 9.5, 7.5, 11], "texture": "#1"},
				"south": {"uv": [0, 10, 2.5, 11.5], "texture": "#1"},
				"west": {"uv": [10, 0, 12.5, 1.5], "texture": "#1"},
				"up": {"uv": [5.5, 9.5, 3, 7], "texture": "#1"},
				"down": {"uv": [9.5, 3, 7, 5.5], "texture": "#1"}
			}
		},
		{
			"from": [5.5, 5, 5.5],
			"to": [10.5, 8, 10.5],
			"rotation": {"angle": 0, "axis": "y", "origin": [5, 5, 9]},
			"faces": {
				"north": {"uv": [10, 1.5, 12.5, 3], "texture": "#1"},
				"east": {"uv": [7.5, 10, 10, 11.5], "texture": "#1"},
				"south": {"uv": [10, 8, 12.5, 9.5], "texture": "#1"},
				"west": {"uv": [10, 9.5, 12.5, 11], "texture": "#1"},
				"up": {"uv": [8, 9.5, 5.5, 7], "texture": "#1"},
				"down": {"uv": [10.5, 5.5, 8, 8], "texture": "#1"}
			}
		},
		{
			"from": [6, 4, 6],
			"to": [10, 5, 10],
			"rotation": {"angle": 0, "axis": "y", "origin": [5, 4, 5]},
			"faces": {
				"north": {"uv": [12, 4, 14, 4.5], "texture": "#1"},
				"east": {"uv": [8, 12, 10, 12.5], "texture": "#1"},
				"south": {"uv": [10, 12, 12, 12.5], "texture": "#1"},
				"west": {"uv": [12, 12, 14, 12.5], "texture": "#1"},
				"up": {"uv": [10, 10, 8, 8], "texture": "#1"},
				"down": {"uv": [5, 9.5, 3, 11.5], "texture": "#1"}
			}
		}
	],
	"display": {
		"thirdperson_righthand": {
			"translation": [0, -6, 1],
			"scale": [0.75, 0.75, 0.75]
		},
		"thirdperson_lefthand": {
			"translation": [0, -6, 1],
			"scale": [0.75, 0.75, 0.75]
		},
		"firstperson_righthand": {
			"translation": [0, 5.25, 0]
		},
		"firstperson_lefthand": {
			"translation": [0, 5.25, 0]
		},
		"ground": {
			"translation": [0, 4.75, 0]
		},
		"gui": {
			"rotation": [45, 45, 0],
			"translation": [0, 2.25, 0]
		},
		"head": {
			"translation": [0, 11.75, 0]
		},
		"fixed": {
			"rotation": [-90, 0, 0],
			"translation": [0, 0, -16],
			"scale": [2, 2, 2]
		}
	}
}