{
	"credit": "Made with Blockbench",
	"texture_size": [64, 64],
	"textures": {
		"1": "infinity:item/cosmi-rod_power"
	},
	"elements": [
		{
			"name": "cornerFUL",
			"from": [8.3, -4.3, 3.7],
			"to": [11.3, -1.3, 7.7],
			"rotation": {"angle": 0, "axis": "y", "origin": [8.3, -4.3, 3.7]},
			"faces": {
				"north": {"uv": [4.5, 7, 5.25, 7.75], "texture": "#1"},
				"east": {"uv": [3.5, 7, 4.5, 7.75], "texture": "#1"},
				"south": {"uv": [6.25, 7, 7, 7.75], "texture": "#1"},
				"west": {"uv": [5.25, 7, 6.25, 7.75], "texture": "#1"},
				"up": {"uv": [5.25, 7, 4.5, 6], "texture": "#1"},
				"down": {"uv": [6, 6, 5.25, 7], "texture": "#1"}
			}
		},
		{
			"name": "cornerBDR",
			"from": [4.7, -0.7, 8.3],
			"to": [7.7, 2.3, 12.3],
			"rotation": {"angle": 0, "axis": "y", "origin": [4.7, -0.7, 8.3]},
			"faces": {
				"north": {"uv": [8, 1, 8.75, 1.75], "texture": "#1"},
				"east": {"uv": [7, 1, 8, 1.75], "texture": "#1"},
				"south": {"uv": [9.75, 1, 10.5, 1.75], "texture": "#1"},
				"west": {"uv": [8.75, 1, 9.75, 1.75], "texture": "#1"},
				"up": {"uv": [8.75, 1, 8, 0], "texture": "#1"},
				"down": {"uv": [9.5, 0, 8.75, 1], "texture": "#1"}
			}
		},
		{
			"name": "tip",
			"from": [9.5, -2.5, 8],
			"to": [11.5, -0.5, 10],
			"rotation": {"angle": -45, "axis": "x", "origin": [9.5, -2.5, 8]},
			"faces": {
				"north": {"uv": [4.5, 10, 5, 10.5], "texture": "#1"},
				"east": {"uv": [4, 10, 4.5, 10.5], "texture": "#1"},
				"south": {"uv": [5.5, 10, 6, 10.5], "texture": "#1"},
				"west": {"uv": [5, 10, 5.5, 10.5], "texture": "#1"},
				"up": {"uv": [5, 10, 4.5, 9.5], "texture": "#1"},
				"down": {"uv": [5.5, 9.5, 5, 10], "texture": "#1"}
			}
		},
		{
			"name": "tip",
			"from": [7, 29.5, 7],
			"to": [9, 31.5, 9],
			"rotation": {"angle": 0, "axis": "x", "origin": [7, 29.5, 7]},
			"faces": {
				"north": {"uv": [0.5, 10.5, 1, 11], "texture": "#1"},
				"east": {"uv": [0, 10.5, 0.5, 11], "texture": "#1"},
				"south": {"uv": [1.5, 10.5, 2, 11], "texture": "#1"},
				"west": {"uv": [1, 10.5, 1.5, 11], "texture": "#1"},
				"up": {"uv": [1, 10.5, 0.5, 10], "texture": "#1"},
				"down": {"uv": [1.5, 10, 1, 10.5], "texture": "#1"}
			}
		},
		{
			"name": "tip",
			"from": [4.5, -2.5, 8],
			"to": [6.5, -0.5, 10],
			"rotation": {"angle": -45, "axis": "x", "origin": [4.5, -2.5, 8]},
			"faces": {
				"north": {"uv": [10, 9.75, 10.5, 10.25], "texture": "#1"},
				"east": {"uv": [9.5, 9.75, 10, 10.25], "texture": "#1"},
				"south": {"uv": [11, 9.75, 11.5, 10.25], "texture": "#1"},
				"west": {"uv": [10.5, 9.75, 11, 10.25], "texture": "#1"},
				"up": {"uv": [10.5, 9.75, 10, 9.25], "texture": "#1"},
				"down": {"uv": [11, 9.25, 10.5, 9.75], "texture": "#1"}
			}
		},
		{
			"name": "cornerFDR",
			"from": [4.7, -0.7, 3.7],
			"to": [7.7, 2.3, 7.7],
			"rotation": {"angle": 0, "axis": "y", "origin": [4.7, -0.7, 3.7]},
			"faces": {
				"north": {"uv": [8, 2.75, 8.75, 3.5], "texture": "#1"},
				"east": {"uv": [7, 2.75, 8, 3.5], "texture": "#1"},
				"south": {"uv": [9.75, 2.75, 10.5, 3.5], "texture": "#1"},
				"west": {"uv": [8.75, 2.75, 9.75, 3.5], "texture": "#1"},
				"up": {"uv": [8.75, 2.75, 8, 1.75], "texture": "#1"},
				"down": {"uv": [9.5, 1.75, 8.75, 2.75], "texture": "#1"}
			}
		},
		{
			"name": "handleMiddle",
			"from": [7, 9, 7],
			"to": [9, 19, 9],
			"rotation": {"angle": 0, "axis": "y", "origin": [7, 9, 7]},
			"faces": {
				"north": {"uv": [7, 8.25, 7.5, 10.75], "texture": "#1"},
				"east": {"uv": [6.5, 8.25, 7, 10.75], "texture": "#1"},
				"south": {"uv": [8, 8.25, 8.5, 10.75], "texture": "#1"},
				"west": {"uv": [7.5, 8.25, 8, 10.75], "texture": "#1"},
				"up": {"uv": [7.5, 8.25, 7, 7.75], "texture": "#1"},
				"down": {"uv": [8, 7.75, 7.5, 8.25], "texture": "#1"}
			}
		},
		{
			"name": "cornerBDL",
			"from": [8.3, -0.7, 8.3],
			"to": [11.3, 2.3, 12.3],
			"rotation": {"angle": 0, "axis": "y", "origin": [8.3, -0.7, 8.3]},
			"faces": {
				"north": {"uv": [8, 7, 8.75, 7.75], "texture": "#1"},
				"east": {"uv": [7, 7, 8, 7.75], "texture": "#1"},
				"south": {"uv": [9.75, 7, 10.5, 7.75], "texture": "#1"},
				"west": {"uv": [8.75, 7, 9.75, 7.75], "texture": "#1"},
				"up": {"uv": [8.75, 7, 8, 6], "texture": "#1"},
				"down": {"uv": [9.5, 6, 8.75, 7], "texture": "#1"}
			}
		},
		{
			"name": "handleMain",
			"from": [6.5, 2, 6.5],
			"to": [9.5, 8, 9.5],
			"rotation": {"angle": 0, "axis": "y", "origin": [6.5, 2, 6.5]},
			"faces": {
				"north": {"uv": [0.75, 8.5, 1.5, 10], "texture": "#1"},
				"east": {"uv": [0, 8.5, 0.75, 10], "texture": "#1"},
				"south": {"uv": [2.25, 8.5, 3, 10], "texture": "#1"},
				"west": {"uv": [1.5, 8.5, 2.25, 10], "texture": "#1"},
				"up": {"uv": [1.5, 8.5, 0.75, 7.75], "texture": "#1"},
				"down": {"uv": [2.25, 7.75, 1.5, 8.5], "texture": "#1"}
			}
		},
		{
			"name": "cornerFUR",
			"from": [4.7, -4.3, 3.7],
			"to": [7.7, -1.3, 7.7],
			"rotation": {"angle": 0, "axis": "y", "origin": [4.7, -4.3, 3.7]},
			"faces": {
				"north": {"uv": [4, 8.75, 4.75, 9.5], "texture": "#1"},
				"east": {"uv": [3, 8.75, 4, 9.5], "texture": "#1"},
				"south": {"uv": [5.75, 8.75, 6.5, 9.5], "texture": "#1"},
				"west": {"uv": [4.75, 8.75, 5.75, 9.5], "texture": "#1"},
				"up": {"uv": [4.75, 8.75, 4, 7.75], "texture": "#1"},
				"down": {"uv": [5.5, 7.75, 4.75, 8.75], "texture": "#1"}
			}
		},
		{
			"name": "cornerFDL",
			"from": [8.3, -0.7, 3.7],
			"to": [11.3, 2.3, 7.7],
			"rotation": {"angle": 0, "axis": "y", "origin": [8.3, -0.7, 3.7]},
			"faces": {
				"north": {"uv": [1, 7, 1.75, 7.75], "texture": "#1"},
				"east": {"uv": [0, 7, 1, 7.75], "texture": "#1"},
				"south": {"uv": [2.75, 7, 3.5, 7.75], "texture": "#1"},
				"west": {"uv": [1.75, 7, 2.75, 7.75], "texture": "#1"},
				"up": {"uv": [1.75, 7, 1, 6], "texture": "#1"},
				"down": {"uv": [2.5, 6, 1.75, 7], "texture": "#1"}
			}
		},
		{
			"name": "handleEndR",
			"from": [7.5, 19, 7.5],
			"to": [8.5, 31, 8.5],
			"rotation": {"angle": -45, "axis": "y", "origin": [8, 19, 8]},
			"faces": {
				"north": {"uv": [8.75, 9.5, 9, 12.5], "texture": "#1"},
				"east": {"uv": [8.5, 9.5, 8.75, 12.5], "texture": "#1"},
				"south": {"uv": [9.25, 9.5, 9.5, 12.5], "texture": "#1"},
				"west": {"uv": [9, 9.5, 9.25, 12.5], "texture": "#1"},
				"up": {"uv": [9, 9.5, 8.75, 9.25], "texture": "#1"},
				"down": {"uv": [9.25, 9.25, 9, 9.5], "texture": "#1"}
			}
		},
		{
			"name": "handleEnd",
			"from": [7.5, 19, 7.5],
			"to": [8.5, 31, 8.5],
			"rotation": {"angle": 0, "axis": "y", "origin": [7.5, 19, 7.5]},
			"faces": {
				"north": {"uv": [3.25, 9.75, 3.5, 12.75], "texture": "#1"},
				"east": {"uv": [3, 9.75, 3.25, 12.75], "texture": "#1"},
				"south": {"uv": [3.75, 9.75, 4, 12.75], "texture": "#1"},
				"west": {"uv": [3.5, 9.75, 3.75, 12.75], "texture": "#1"},
				"up": {"uv": [3.5, 9.75, 3.25, 9.5], "texture": "#1"},
				"down": {"uv": [3.75, 9.5, 3.5, 9.75], "texture": "#1"}
			}
		},
		{
			"name": "hammerMain",
			"from": [5, -4, 4],
			"to": [11, 2, 12],
			"rotation": {"angle": 0, "axis": "y", "origin": [5, -7, 4]},
			"faces": {
				"north": {"uv": [2, 2, 3.5, 3.5], "texture": "#1"},
				"east": {"uv": [0, 2, 2, 3.5], "texture": "#1"},
				"south": {"uv": [5.5, 2, 7, 3.5], "texture": "#1"},
				"west": {"uv": [3.5, 2, 5.5, 3.5], "texture": "#1"},
				"up": {"uv": [3.5, 2, 2, 0], "texture": "#1"},
				"down": {"uv": [5, 0, 3.5, 2], "texture": "#1"}
			}
		},
		{
			"from": [6.5, 6, 8],
			"to": [9.5, 9, 11],
			"rotation": {"angle": -45, "axis": "x", "origin": [6.5, 6, 8]},
			"faces": {
				"north": {"uv": [9.25, 8.5, 10, 9.25], "texture": "#1"},
				"east": {"uv": [8.5, 8.5, 9.25, 9.25], "texture": "#1"},
				"south": {"uv": [10.75, 8.5, 11.5, 9.25], "texture": "#1"},
				"west": {"uv": [10, 8.5, 10.75, 9.25], "texture": "#1"},
				"up": {"uv": [10, 8.5, 9.25, 7.75], "texture": "#1"},
				"down": {"uv": [10.75, 7.75, 10, 8.5], "texture": "#1"}
			}
		},
		{
			"from": [8.25, -4.25, 8.25],
			"to": [11.25, -1.25, 15.25],
			"rotation": {"angle": 0, "axis": "y", "origin": [11.25, -4.25, 8.25]},
			"faces": {
				"north": {"uv": [1.75, 5.25, 2.5, 6], "texture": "#1"},
				"east": {"uv": [0, 5.25, 1.75, 6], "texture": "#1"},
				"south": {"uv": [4.25, 5.25, 5, 6], "texture": "#1"},
				"west": {"uv": [2.5, 5.25, 4.25, 6], "texture": "#1"},
				"up": {"uv": [2.5, 5.25, 1.75, 3.5], "texture": "#1"},
				"down": {"uv": [3.25, 3.5, 2.5, 5.25], "texture": "#1"}
			}
		},
		{
			"from": [4.75, -4.25, 8.25],
			"to": [7.75, -1.25, 15.25],
			"rotation": {"angle": 0, "axis": "y", "origin": [7.75, -4.25, 8.25]},
			"faces": {
				"north": {"uv": [6.75, 5.25, 7.5, 6], "texture": "#1"},
				"east": {"uv": [5, 5.25, 6.75, 6], "texture": "#1"},
				"south": {"uv": [9.25, 5.25, 10, 6], "texture": "#1"},
				"west": {"uv": [7.5, 5.25, 9.25, 6], "texture": "#1"},
				"up": {"uv": [7.5, 5.25, 6.75, 3.5], "texture": "#1"},
				"down": {"uv": [8.25, 3.5, 7.5, 5.25], "texture": "#1"}
			}
		},
		{
			"from": [10.75, -1.5, 7.5],
			"to": [11.75, -0.5, 8.5],
			"rotation": {"angle": 0, "axis": "y", "origin": [10.75, -1.5, 7.5]},
			"faces": {
				"north": {"uv": [0, 0, 0.25, 0.25], "texture": "#1"},
				"east": {"uv": [0, 0, 0.25, 0.25], "texture": "#1"},
				"south": {"uv": [0, 0, 0.25, 0.25], "texture": "#1"},
				"west": {"uv": [0, 0, 0.25, 0.25], "texture": "#1"},
				"up": {"uv": [0, 0, 0.25, 0.25], "texture": "#1"},
				"down": {"uv": [0, 0, 0.25, 0.25], "texture": "#1"}
			}
		}
	],
	"display": {
		"thirdperson_righthand": {
			"rotation": [180, 180, 0],
			"translation": [0, 11.25, 1.75]
		},
		"thirdperson_lefthand": {
			"rotation": [180, 180, 0],
			"translation": [0, 11.25, 1.75]
		},
		"firstperson_righthand": {
			"rotation": [160, 180, 0],
			"translation": [2.5, 2, 0]
		},
		"firstperson_lefthand": {
			"rotation": [160, 180, 0],
			"translation": [2.5, 2, 0]
		},
		"ground": {
			"translation": [0, 9.5, 0]
		},
		"gui": {
			"rotation": [-160, -35, 0],
			"translation": [0, 1.75, 0],
			"scale": [0.4, 0.4, 0.4]
		},
		"fixed": {
			"rotation": [180, 90, 0],
			"translation": [0, 2.75, 0],
			"scale": [1, 0.5, 0.5]
		}
	}
}