{
	"credit": "Made with Blockbench",
	"textures": {
		"0": "infinity:item/mind",
		"particle": "infinity:item/mind"
	},
	"elements": [
		{
			"from": [7, 0, 7],
			"to": [10, 3, 10],
			"rotation": {"angle": 0, "axis": "y", "origin": [7, 0, 7]},
			"faces": {
				"north": {"uv": [0, 0, 3, 3], "texture": "#0"},
				"east": {"uv": [0, 3, 3, 6], "texture": "#0"},
				"south": {"uv": [3, 0, 6, 3], "texture": "#0"},
				"west": {"uv": [3, 3, 6, 6], "texture": "#0"},
				"up": {"uv": [3, 9, 0, 6], "texture": "#0"},
				"down": {"uv": [9, 0, 6, 3], "texture": "#0"}
			}
		}
	],
	"display": {
		"thirdperson_righthand": {
			"translation": [-0.5, 8, 1.75]
		},
		"thirdperson_lefthand": {
			"translation": [0.5, 8, 1.75]
		},
		"firstperson_righthand": {
			"translation": [0, 10.5, 0]
		},
		"firstperson_lefthand": {
			"translation": [0, 10.5, 0]
		},
		"ground": {
			"translation": [0, 8, 0]
		},
		"gui": {
			"rotation": [45, 45, 0],
			"translation": [-1.5, 9, 0],
			"scale": [2, 2, 2]
		},
		"head": {
			"translation": [0, 14.5, 0]
		},
		"fixed": {
			"rotation": [45, 45, 0],
			"translation": [-0.5, 4.75, 3.5]
		}
	}
}