{
	"credit": "Made with Blockbench",
	"texture_size": [64, 64],
	"textures": {
		"0": "infinity:item/cosmi_rod_with_soul_stone_texture",
		"particle": "infinity:item/cosmi_rod_with_soul_stone_texture"
	},
	"elements": [
		{
			"from": [5.75, 17.5, 3.5],
			"to": [16.75, 24, 10.5],
			"rotation": {"angle": 0, "axis": "z", "origin": [6.75, 9.75, 7]},
			"faces": {
				"north": {"uv": [0, 0, 2.5, 1.75], "texture": "#0"},
				"east": {"uv": [2, 3.5, 3.75, 5.25], "texture": "#0"},
				"south": {"uv": [0, 1.75, 2.5, 3.5], "texture": "#0"},
				"west": {"uv": [3.75, 3.5, 5.5, 5.25], "texture": "#0"},
				"up": {"uv": [5, 1.75, 2.5, 0], "texture": "#0"},
				"down": {"uv": [5, 1.75, 2.5, 3.5], "texture": "#0"}
			}
		},
		{
			"from": [-0.25, 22, 3.5],
			"to": [5.75, 24, 10.5],
			"rotation": {"angle": 0, "axis": "z", "origin": [6.75, 9.75, 7]},
			"faces": {
				"north": {"uv": [7.25, 0, 8.75, 0.5], "texture": "#0"},
				"east": {"uv": [6, 3.5, 7.75, 4], "texture": "#0"},
				"south": {"uv": [7.25, 0.5, 8.75, 1], "texture": "#0"},
				"west": {"uv": [6, 4, 7.75, 4.5], "texture": "#0"},
				"up": {"uv": [6.5, 1.75, 5, 0], "texture": "#0"},
				"down": {"uv": [6.5, 1.75, 5, 3.5], "texture": "#0"}
			}
		},
		{
			"from": [7, -16, 6],
			"to": [9, 18, 8],
			"rotation": {"angle": 0, "axis": "y", "origin": [6.75, -18.25, 7]},
			"faces": {
				"north": {"uv": [5.5, 7, 6, 8.5], "texture": "#0"},
				"east": {"uv": [7.25, 1, 7.75, 2.5], "texture": "#0"},
				"south": {"uv": [7.25, 4.5, 7.75, 6], "texture": "#0"},
				"west": {"uv": [7.25, 6, 7.75, 7.5], "texture": "#0"},
				"up": {"uv": [8.25, 5, 7.75, 4.5], "texture": "#0"},
				"down": {"uv": [8.25, 5, 7.75, 5.5], "texture": "#0"}
			}
		},
		{
			"from": [10.125, 20.75, 2.5],
			"to": [11.625, 22.25, 4],
			"rotation": {"angle": -45, "axis": "z", "origin": [10.25, 20.75, 2.5]},
			"faces": {
				"north": {"uv": [11.75, 13, 12.125, 13.375], "texture": "#0"},
				"east": {"uv": [11, 10.5, 11.375, 10.875], "texture": "#0"},
				"south": {"uv": [5.75, 12.25, 6.125, 12.625], "texture": "#0"},
				"west": {"uv": [2.75, 13, 3.125, 13.375], "texture": "#0"},
				"up": {"uv": [5.75, 12.75, 6.125, 13.125], "texture": "#0"},
				"down": {"uv": [11.5, 12.75, 11.875, 13.125], "texture": "#0"}
			}
		}
	],
	"display": {
		"thirdperson_righthand": {
			"rotation": [-18.65, 88.14, 25.23],
			"translation": [1.25, 14.75, 3.25]
		},
		"thirdperson_lefthand": {
			"rotation": [60.17, -88.14, 25.23],
			"translation": [-1.25, 10.25, 9.5]
		},
		"firstperson_righthand": {
			"rotation": [-18.65, 88.14, 0]
		},
		"firstperson_lefthand": {
			"rotation": [-18.65, -86.34, 0]
		},
		"ground": {
			"rotation": [89.8, -0.81, 19.91],
			"translation": [0, -1.75, 1]
		},
		"gui": {
			"translation": [0, 1.5, 0],
			"scale": [0.4, 0.4, 0.4]
		},
		"fixed": {
			"translation": [0, 1.75, 0],
			"scale": [0.5, 0.5, 1]
		}
	}
}