{
	"credit": "Made with Blockbench",
	"textures": {
		"0": "infinity:item/scepter",
		"particle": "infinity:item/scepter"
	},
	"elements": [
		{
			"from": [2, 19, -1],
			"to": [3, 23, 1],
			"rotation": {"angle": 0, "axis": "x", "origin": [3, 24, 0]},
			"faces": {
				"north": {"uv": [3, 0, 4, 1], "texture": "#0"},
				"east": {"uv": [3, 0, 4, 1], "texture": "#0"},
				"south": {"uv": [3, 0, 4, 1], "texture": "#0"},
				"west": {"uv": [3, 0, 4, 1], "texture": "#0"},
				"up": {"uv": [3, 0, 4, 1], "texture": "#0"},
				"down": {"uv": [3, 0, 4, 1], "texture": "#0"}
			}
		},
		{
			"from": [0, 11, -1],
			"to": [2, 23, 1],
			"rotation": {"angle": 0, "axis": "z", "origin": [-2, -2, 0]},
			"faces": {
				"north": {"uv": [0, 0, 2, 11], "texture": "#0"},
				"east": {"uv": [0, 0, 2, 11], "texture": "#0"},
				"south": {"uv": [0, 0, 2, 11], "texture": "#0"},
				"west": {"uv": [0, 0, 2, 11], "texture": "#0"},
				"up": {"uv": [0, 0, 2, 11], "texture": "#0"},
				"down": {"uv": [0, 0, 2, 11], "texture": "#0"}
			}
		},
		{
			"from": [0, 0, -1],
			"to": [2, 11, 1],
			"rotation": {"angle": 0, "axis": "y", "origin": [1, 0, 0]},
			"faces": {
				"north": {"uv": [0, 3, 2, 14], "texture": "#0"},
				"east": {"uv": [0, 3, 2, 14], "texture": "#0"},
				"south": {"uv": [0, 3, 2, 14], "texture": "#0"},
				"west": {"uv": [0, 3, 2, 14], "texture": "#0"},
				"up": {"uv": [0, 3, 2, 14], "texture": "#0"},
				"down": {"uv": [0, 3, 2, 14], "texture": "#0"}
			}
		},
		{
			"from": [11, 26, -1],
			"to": [12, 29, 1],
			"rotation": {"angle": 22.5, "axis": "z", "origin": [15, -1, 0]},
			"faces": {
				"north": {"uv": [2, 0, 4, 3.5], "texture": "#0"},
				"east": {"uv": [2, 0, 4, 3.5], "texture": "#0"},
				"south": {"uv": [2, 0, 4, 3.5], "texture": "#0"},
				"west": {"uv": [2, 0, 4, 3.5], "texture": "#0"},
				"up": {"uv": [2, 0, 4, 3.5], "texture": "#0"},
				"down": {"uv": [2, 0, 4, 3.5], "texture": "#0"}
			}
		},
		{
			"from": [-1, 21, -1],
			"to": [1, 26, 1],
			"rotation": {"angle": 22.5, "axis": "z", "origin": [0, 23, 0]},
			"faces": {
				"north": {"uv": [3.5, 0, 4, 3.5], "texture": "#0"},
				"east": {"uv": [3.5, 0, 4, 3.5], "texture": "#0"},
				"south": {"uv": [3.5, 0, 4, 3.5], "texture": "#0"},
				"west": {"uv": [3.5, 0, 4, 3.5], "texture": "#0"},
				"up": {"uv": [3.5, 0, 4, 3.5], "texture": "#0"},
				"down": {"uv": [3.5, 0, 4, 3.5], "texture": "#0"}
			}
		},
		{
			"from": [-1, 22, -1],
			"to": [0, 26, 1],
			"rotation": {"angle": 45, "axis": "z", "origin": [0, 26, 0]},
			"faces": {
				"north": {"uv": [2.5, 0, 4, 1], "texture": "#0"},
				"east": {"uv": [2.5, 0, 4, 1], "texture": "#0"},
				"south": {"uv": [2.5, 0, 4, 1], "texture": "#0"},
				"west": {"uv": [2.5, 0, 4, 1], "texture": "#0"},
				"up": {"uv": [2.5, 0, 4, 1], "texture": "#0"},
				"down": {"uv": [2.5, 0, 4, 1], "texture": "#0"}
			}
		},
		{
			"from": [-4, 21, -1],
			"to": [-3, 24, 1],
			"rotation": {"angle": 45, "axis": "z", "origin": [-3, 22, 0]},
			"faces": {
				"north": {"uv": [2.5, 0, 4, 1], "texture": "#0"},
				"east": {"uv": [2.5, 0, 4, 1], "texture": "#0"},
				"south": {"uv": [2.5, 0, 4, 1], "texture": "#0"},
				"west": {"uv": [2.5, 0, 4, 1], "texture": "#0"},
				"up": {"uv": [2.5, 0, 4, 1], "texture": "#0"},
				"down": {"uv": [2.5, 0, 4, 1], "texture": "#0"}
			}
		},
		{
			"from": [-1, 16, -1],
			"to": [0, 21, 1],
			"rotation": {"angle": 0, "axis": "y", "origin": [-1, 15, 0]},
			"faces": {
				"north": {"uv": [3.5, 0, 4, 3.5], "texture": "#0"},
				"east": {"uv": [3.5, 0, 4, 3.5], "texture": "#0"},
				"south": {"uv": [3.5, 0, 4, 3.5], "texture": "#0"},
				"west": {"uv": [3.5, 0, 4, 3.5], "texture": "#0"},
				"up": {"uv": [3.5, 0, 4, 3.5], "texture": "#0"},
				"down": {"uv": [3.5, 0, 4, 3.5], "texture": "#0"}
			}
		},
		{
			"from": [0, 20, -1],
			"to": [1, 22, 1],
			"rotation": {"angle": 45, "axis": "z", "origin": [1, 20, 0]},
			"faces": {
				"north": {"uv": [2.5, 0, 4, 1], "texture": "#0"},
				"east": {"uv": [2.5, 0, 4, 1], "texture": "#0"},
				"south": {"uv": [2.5, 0, 4, 1], "texture": "#0"},
				"west": {"uv": [2.5, 0, 4, 1], "texture": "#0"},
				"up": {"uv": [2.5, 0, 4, 1], "texture": "#0"},
				"down": {"uv": [2.5, 0, 4, 1], "texture": "#0"}
			}
		},
		{
			"from": [-4, 21, -1],
			"to": [-1, 22, 1],
			"rotation": {"angle": -22.5, "axis": "z", "origin": [-3, 20, 0]},
			"faces": {
				"north": {"uv": [2.5, 0, 4, 1], "texture": "#0"},
				"east": {"uv": [2.5, 0, 4, 1], "texture": "#0"},
				"south": {"uv": [2.5, 0, 4, 1], "texture": "#0"},
				"west": {"uv": [2.5, 0, 4, 1], "texture": "#0"},
				"up": {"uv": [2.5, 0, 4, 1], "texture": "#0"},
				"down": {"uv": [2.5, 0, 4, 1], "texture": "#0"}
			}
		},
		{
			"from": [-4, 23, -1],
			"to": [-3, 29, 1],
			"rotation": {"angle": 45, "axis": "z", "origin": [-3, 29, 0]},
			"faces": {
				"north": {"uv": [2.5, 0, 4, 1], "texture": "#0"},
				"east": {"uv": [2.5, 0, 4, 1], "texture": "#0"},
				"south": {"uv": [2.5, 0, 4, 1], "texture": "#0"},
				"west": {"uv": [2.5, 0, 4, 1], "texture": "#0"},
				"up": {"uv": [2.5, 0, 4, 1], "texture": "#0"},
				"down": {"uv": [2.5, 0, 4, 1], "texture": "#0"}
			}
		},
		{
			"from": [-3.75, 23, -1],
			"to": [-1.75, 25, 1],
			"rotation": {"angle": 0, "axis": "y", "origin": [-2.75, 23, -1]},
			"faces": {
				"north": {"uv": [4, 1, 5, 2], "texture": "#0"},
				"east": {"uv": [4, 1, 5, 2], "texture": "#0"},
				"south": {"uv": [4, 1, 5, 2], "texture": "#0"},
				"west": {"uv": [4, 1, 5, 2], "texture": "#0"},
				"up": {"uv": [4, 1, 5, 2], "texture": "#0"},
				"down": {"uv": [4, 1, 5, 2], "texture": "#0"}
			}
		},
		{
			"from": [-6, 26, -1],
			"to": [1, 27, 1],
			"rotation": {"angle": -45, "axis": "z", "origin": [-2, 27, 0]},
			"faces": {
				"north": {"uv": [2.5, 0, 4, 1], "rotation": 90, "texture": "#0"},
				"east": {"uv": [2.5, 0, 4, 1], "rotation": 270, "texture": "#0"},
				"south": {"uv": [2.5, 0, 4, 1], "rotation": 270, "texture": "#0"},
				"west": {"uv": [2.5, 0, 4, 1], "rotation": 270, "texture": "#0"},
				"up": {"uv": [2.5, 0, 4, 1], "rotation": 270, "texture": "#0"},
				"down": {"uv": [2.5, 0, 4, 1], "rotation": 270, "texture": "#0"}
			}
		},
		{
			"from": [2, 0, -1],
			"to": [3, 3, 1],
			"rotation": {"angle": 0, "axis": "y", "origin": [2, 0, 0]},
			"faces": {
				"north": {"uv": [0.5, 11, 2, 14], "texture": "#0"},
				"east": {"uv": [0.5, 11, 2, 14], "texture": "#0"},
				"south": {"uv": [0.5, 11, 2, 14], "texture": "#0"},
				"west": {"uv": [0.5, 11, 2, 14], "texture": "#0"},
				"up": {"uv": [0.5, 11, 2, 14], "texture": "#0"},
				"down": {"uv": [0.5, 11, 2, 14], "texture": "#0"}
			}
		},
		{
			"from": [0, 20, -1],
			"to": [1, 22, 1],
			"rotation": {"angle": 45, "axis": "z", "origin": [0, 20, -1]},
			"faces": {
				"north": {"uv": [2.5, 0, 4, 1], "texture": "#0"},
				"east": {"uv": [2.5, 0, 4, 1], "texture": "#0"},
				"south": {"uv": [2.5, 0, 4, 1], "texture": "#0"},
				"west": {"uv": [2.5, 0, 4, 1], "texture": "#0"},
				"up": {"uv": [2.5, 0, 4, 1], "texture": "#0"},
				"down": {"uv": [2.5, 0, 4, 1], "texture": "#0"}
			}
		}
	],
	"display": {
		"thirdperson_righthand": {
			"rotation": [0, -90, 0],
			"translation": [-8, -3.5, 9.25]
		},
		"thirdperson_lefthand": {
			"rotation": [0, 90, 0],
			"translation": [-4, -3.5, 9]
		},
		"firstperson_righthand": {
			"rotation": [0, -22, 0],
			"translation": [11, -8, 7.25]
		},
		"firstperson_lefthand": {
			"rotation": [0, 156, 0],
			"translation": [17.25, -8, -7.25]
		},
		"ground": {
			"translation": [6, 2.5, 5.25],
			"scale": [0.63, 0.63, 0.63]
		},
		"gui": {
			"translation": [6.75, -4.75, 0],
			"scale": [0.55, 0.55, 0.55]
		},
		"fixed": {
			"rotation": [0, -180, 0],
			"translation": [-6.25, -5, -4.5],
			"scale": [0.63, 0.63, 0.63]
		}
	}
}