{
	"credit": "Made with Blockbench",
	"texture_size": [128, 128],
	"textures": {
		"0": "infinity:item/slamwise_the_wallopwonder",
		"particle": "infinity:item/slamwise_the_wallopwonder"
	},
	"elements": [
		{
			"from": [7, 0, 7],
			"to": [9, 17, 9],
			"rotation": {"angle": 0, "axis": "y", "origin": [6, 0, 7]},
			"faces": {
				"north": {"uv": [3.5, 5.75, 3.75, 7.875], "texture": "#0"},
				"east": {"uv": [3.75, 5.75, 4, 7.875], "texture": "#0"},
				"south": {"uv": [8, 10.5, 8.25, 12.625], "texture": "#0"},
				"west": {"uv": [8.25, 10.5, 8.5, 12.625], "texture": "#0"},
				"up": {"uv": [10.5, 10.875, 10.25, 10.625], "texture": "#0"},
				"down": {"uv": [10.75, 10.625, 10.5, 10.875], "texture": "#0"}
			}
		},
		{
			"from": [0, 17, -15],
			"to": [16, 31, 31],
			"rotation": {"angle": 0, "axis": "y", "origin": [6, 27, -1]},
			"faces": {
				"north": {"uv": [3.5, 9, 5.5, 10.75], "texture": "#0"},
				"east": {"uv": [4, 0, 9.75, 1.75], "texture": "#0"},
				"south": {"uv": [5.5, 9, 7.5, 10.75], "texture": "#0"},
				"west": {"uv": [4, 1.75, 9.75, 3.5], "texture": "#0"},
				"up": {"uv": [2, 5.75, 0, 0], "texture": "#0"},
				"down": {"uv": [4, 0, 2, 5.75], "texture": "#0"}
			}
		},
		{
			"from": [1, 31, -14],
			"to": [15, 32, 30],
			"rotation": {"angle": 0, "axis": "y", "origin": [0, 30, 0]},
			"faces": {
				"north": {"uv": [9.75, 1.5, 11.5, 1.625], "texture": "#0"},
				"east": {"uv": [9.75, 1, 15.25, 1.125], "texture": "#0"},
				"south": {"uv": [9.75, 1.625, 11.5, 1.75], "texture": "#0"},
				"west": {"uv": [9.75, 1.125, 15.25, 1.25], "texture": "#0"},
				"up": {"uv": [5.75, 9, 4, 3.5], "texture": "#0"},
				"down": {"uv": [1.75, 5.75, 0, 11.25], "texture": "#0"}
			}
		},
		{
			"from": [-1, 18, -14],
			"to": [0, 30, 30],
			"rotation": {"angle": 0, "axis": "z", "origin": [-2, 32, 0]},
			"faces": {
				"north": {"uv": [9.75, 2, 9.875, 3.5], "texture": "#0"},
				"east": {"uv": [7.5, 3.5, 13, 5], "texture": "#0"},
				"south": {"uv": [9.875, 2, 10, 3.5], "texture": "#0"},
				"west": {"uv": [7.5, 5, 13, 6.5], "texture": "#0"},
				"up": {"uv": [7.625, 16, 7.5, 10.5], "texture": "#0"},
				"down": {"uv": [7.75, 10.5, 7.625, 16], "texture": "#0"}
			}
		},
		{
			"from": [16, 18, -14],
			"to": [17, 30, 30],
			"rotation": {"angle": 0, "axis": "y", "origin": [15, 32, 0]},
			"faces": {
				"north": {"uv": [10, 2, 10.125, 3.5], "texture": "#0"},
				"east": {"uv": [7.5, 6.5, 13, 8], "texture": "#0"},
				"south": {"uv": [10.125, 2, 10.25, 3.5], "texture": "#0"},
				"west": {"uv": [7.5, 8, 13, 9.5], "texture": "#0"},
				"up": {"uv": [7.875, 16, 7.75, 10.5], "texture": "#0"},
				"down": {"uv": [8, 10.5, 7.875, 16], "texture": "#0"}
			}
		},
		{
			"from": [1, 16, -14],
			"to": [15, 17, 30],
			"rotation": {"angle": 0, "axis": "y", "origin": [0, 15, 0]},
			"faces": {
				"north": {"uv": [9.75, 1.75, 11.5, 1.875], "texture": "#0"},
				"east": {"uv": [9.75, 1.25, 15.25, 1.375], "texture": "#0"},
				"south": {"uv": [9.75, 1.875, 11.5, 2], "texture": "#0"},
				"west": {"uv": [9.75, 1.375, 15.25, 1.5], "texture": "#0"},
				"up": {"uv": [3.5, 11.25, 1.75, 5.75], "texture": "#0"},
				"down": {"uv": [7.5, 3.5, 5.75, 9], "texture": "#0"}
			}
		},
		{
			"from": [7, 28, 31],
			"to": [9, 31, 32],
			"rotation": {"angle": 0, "axis": "y", "origin": [8, 16, 30]},
			"faces": {
				"north": {"uv": [10.5, 9.5, 10.75, 9.875], "texture": "#0"},
				"east": {"uv": [3.875, 10.75, 4, 11.125], "texture": "#0"},
				"south": {"uv": [9.75, 10.5, 10, 10.875], "texture": "#0"},
				"west": {"uv": [4, 10.75, 4.125, 11.125], "texture": "#0"},
				"up": {"uv": [6.25, 10.875, 6, 10.75], "texture": "#0"},
				"down": {"uv": [6.5, 10.75, 6.25, 10.875], "texture": "#0"}
			}
		},
		{
			"from": [7, 17, 31],
			"to": [9, 20, 32],
			"rotation": {"angle": 0, "axis": "y", "origin": [8, 5, 30]},
			"faces": {
				"north": {"uv": [10.5, 9.875, 10.75, 10.25], "texture": "#0"},
				"east": {"uv": [4.125, 10.75, 4.25, 11.125], "texture": "#0"},
				"south": {"uv": [10, 10.5, 10.25, 10.875], "texture": "#0"},
				"west": {"uv": [4.25, 10.75, 4.375, 11.125], "texture": "#0"},
				"up": {"uv": [6.75, 10.875, 6.5, 10.75], "texture": "#0"},
				"down": {"uv": [7, 10.75, 6.75, 10.875], "texture": "#0"}
			}
		},
		{
			"from": [0, 23, 31],
			"to": [4, 25, 32],
			"rotation": {"angle": 0, "axis": "z", "origin": [16, 24, 30]},
			"faces": {
				"north": {"uv": [10.25, 3.25, 10.75, 3.5], "texture": "#0"},
				"east": {"uv": [5.5, 10.75, 5.625, 11], "texture": "#0"},
				"south": {"uv": [10.5, 2, 11, 2.25], "texture": "#0"},
				"west": {"uv": [5.625, 10.75, 5.75, 11], "texture": "#0"},
				"up": {"uv": [11.25, 0.125, 10.75, 0], "texture": "#0"},
				"down": {"uv": [11.25, 0.125, 10.75, 0.25], "texture": "#0"}
			}
		},
		{
			"from": [12, 23, 31],
			"to": [16, 25, 32],
			"rotation": {"angle": 0, "axis": "y", "origin": [28, 24, 30]},
			"faces": {
				"north": {"uv": [10.5, 2.5, 11, 2.75], "texture": "#0"},
				"east": {"uv": [5.75, 10.75, 5.875, 11], "texture": "#0"},
				"south": {"uv": [10.5, 2.75, 11, 3], "texture": "#0"},
				"west": {"uv": [5.875, 10.75, 6, 11], "texture": "#0"},
				"up": {"uv": [11.25, 0.375, 10.75, 0.25], "texture": "#0"},
				"down": {"uv": [11.25, 0.375, 10.75, 0.5], "texture": "#0"}
			}
		},
		{
			"from": [4, 20, 31],
			"to": [12, 28, 32],
			"rotation": {"angle": 0, "axis": "y", "origin": [0, 21, 30]},
			"faces": {
				"north": {"uv": [9.5, 9.5, 10.5, 10.5], "texture": "#0"},
				"east": {"uv": [8.5, 10.5, 8.625, 11.5], "texture": "#0"},
				"south": {"uv": [9.75, 0, 10.75, 1], "texture": "#0"},
				"west": {"uv": [8.625, 10.5, 8.75, 11.5], "texture": "#0"},
				"up": {"uv": [11.5, 2.375, 10.5, 2.25], "texture": "#0"},
				"down": {"uv": [11.5, 2.375, 10.5, 2.5], "texture": "#0"}
			}
		},
		{
			"from": [0, 23, -16],
			"to": [4, 25, -15],
			"rotation": {"angle": 0, "axis": "y", "origin": [16, 24, -17]},
			"faces": {
				"north": {"uv": [3.5, 7.875, 4, 8.125], "texture": "#0"},
				"east": {"uv": [10.75, 3.25, 10.875, 3.5], "texture": "#0"},
				"south": {"uv": [3.5, 8.125, 4, 8.375], "texture": "#0"},
				"west": {"uv": [4.375, 10.75, 4.5, 11], "texture": "#0"},
				"up": {"uv": [4, 9, 3.5, 8.875], "texture": "#0"},
				"down": {"uv": [10.75, 10.5, 10.25, 10.625], "texture": "#0"}
			}
		},
		{
			"from": [4, 20, -16],
			"to": [12, 28, -15],
			"rotation": {"angle": 0, "axis": "y", "origin": [0, 21, -17]},
			"faces": {
				"north": {"uv": [7.5, 9.5, 8.5, 10.5], "texture": "#0"},
				"east": {"uv": [10.25, 2, 10.375, 3], "texture": "#0"},
				"south": {"uv": [8.5, 9.5, 9.5, 10.5], "texture": "#0"},
				"west": {"uv": [10.375, 2, 10.5, 3], "texture": "#0"},
				"up": {"uv": [11.25, 3.125, 10.25, 3], "texture": "#0"},
				"down": {"uv": [11.25, 3.125, 10.25, 3.25], "texture": "#0"}
			}
		},
		{
			"from": [7, 28, -16],
			"to": [9, 31, -15],
			"rotation": {"angle": 0, "axis": "y", "origin": [8, 16, -17]},
			"faces": {
				"north": {"uv": [8.75, 10.5, 9, 10.875], "texture": "#0"},
				"east": {"uv": [10.75, 0.5, 10.875, 0.875], "texture": "#0"},
				"south": {"uv": [9, 10.5, 9.25, 10.875], "texture": "#0"},
				"west": {"uv": [3.5, 10.75, 3.625, 11.125], "texture": "#0"},
				"up": {"uv": [11, 1, 10.75, 0.875], "texture": "#0"},
				"down": {"uv": [4.75, 10.75, 4.5, 10.875], "texture": "#0"}
			}
		},
		{
			"from": [12, 23, -16],
			"to": [16, 25, -15],
			"rotation": {"angle": 0, "axis": "y", "origin": [28, 24, -17]},
			"faces": {
				"north": {"uv": [3.5, 8.375, 4, 8.625], "texture": "#0"},
				"east": {"uv": [4.75, 10.75, 4.875, 11], "texture": "#0"},
				"south": {"uv": [3.5, 8.625, 4, 8.875], "texture": "#0"},
				"west": {"uv": [4.875, 10.75, 5, 11], "texture": "#0"},
				"up": {"uv": [11, 10.375, 10.5, 10.25], "texture": "#0"},
				"down": {"uv": [11, 10.375, 10.5, 10.5], "texture": "#0"}
			}
		},
		{
			"from": [7, 17, -16],
			"to": [9, 20, -15],
			"rotation": {"angle": 0, "axis": "y", "origin": [8, 5, -17]},
			"faces": {
				"north": {"uv": [9.25, 10.5, 9.5, 10.875], "texture": "#0"},
				"east": {"uv": [3.625, 10.75, 3.75, 11.125], "texture": "#0"},
				"south": {"uv": [9.5, 10.5, 9.75, 10.875], "texture": "#0"},
				"west": {"uv": [3.75, 10.75, 3.875, 11.125], "texture": "#0"},
				"up": {"uv": [5.25, 10.875, 5, 10.75], "texture": "#0"},
				"down": {"uv": [5.5, 10.75, 5.25, 10.875], "texture": "#0"}
			}
		}
	],
	"display": {
		"thirdperson_righthand": {
			"translation": [0, 32, 1],
			"scale": [4, 4, 4]
		},
		"thirdperson_lefthand": {
			"translation": [0, 32, 1],
			"scale": [4, 4, 4]
		},
		"firstperson_righthand": {
			"rotation": [0, 22, 0],
			"translation": [1.5, 2.75, 0],
			"scale": [0.25, 0.25, 0.25]
		},
		"firstperson_lefthand": {
			"rotation": [0, 22, 0],
			"translation": [1.5, 2.75, 0],
			"scale": [0.25, 0.25, 0.25]
		},
		"ground": {
			"rotation": [45, 0, 0],
			"translation": [0, 33, 0],
			"scale": [4, 4, 4]
		},
		"gui": {
			"rotation": [0, 90, 0],
			"translation": [-0.25, -0.25, -0.25],
			"scale": [0.25, 0.25, 0.25]
		},
		"fixed": {
			"rotation": [0, 90, 0],
			"translation": [-0.25, -2.5, -1.25],
			"scale": [0.25, 0.25, 0.25]
		}
	}
}