{
	"credit": "Made with Blockbench",
	"textures": {
		"1": "infinity:item/tesseract"
	},
	"elements": [
		{
			"from": [5, 1, 5],
			"to": [10, 6, 10],
			"rotation": {"angle": 0, "axis": "y", "origin": [7, 1, 7]},
			"faces": {
				"north": {"uv": [0, 0, 5, 5], "texture": "#1"},
				"east": {"uv": [0, 5, 5, 10], "texture": "#1"},
				"south": {"uv": [5, 0, 10, 5], "texture": "#1"},
				"west": {"uv": [5, 5, 10, 10], "texture": "#1"},
				"up": {"uv": [5, 15, 0, 10], "texture": "#1"},
				"down": {"uv": [15, 0, 10, 5], "texture": "#1"}
			}
		},
		{
			"from": [4, 0, 4],
			"to": [5, 7, 5],
			"rotation": {"angle": 0, "axis": "y", "origin": [3, 0, 3]},
			"faces": {
				"north": {"uv": [12, 6, 13, 13], "texture": "#1"},
				"east": {"uv": [12, 6, 13, 13], "texture": "#1"},
				"south": {"uv": [12, 6, 13, 13], "texture": "#1"},
				"west": {"uv": [12, 6, 13, 13], "texture": "#1"},
				"up": {"uv": [12, 14, 13, 15], "texture": "#1"},
				"down": {"uv": [12, 9, 13, 10], "texture": "#1"}
			}
		},
		{
			"from": [10, 0, 10],
			"to": [11, 7, 11],
			"rotation": {"angle": 0, "axis": "y", "origin": [9, 0, 9]},
			"faces": {
				"north": {"uv": [12, 6, 13, 13], "texture": "#1"},
				"east": {"uv": [12, 6, 13, 13], "texture": "#1"},
				"south": {"uv": [12, 6, 13, 13], "texture": "#1"},
				"west": {"uv": [12, 6, 13, 13], "texture": "#1"},
				"up": {"uv": [12, 12, 13, 13], "texture": "#1"},
				"down": {"uv": [12, 8, 13, 9], "texture": "#1"}
			}
		},
		{
			"from": [10, 0, 4],
			"to": [11, 7, 5],
			"rotation": {"angle": 0, "axis": "y", "origin": [9, 0, 3]},
			"faces": {
				"north": {"uv": [12, 6, 13, 13], "texture": "#1"},
				"east": {"uv": [12, 6, 13, 13], "texture": "#1"},
				"south": {"uv": [12, 6, 13, 13], "texture": "#1"},
				"west": {"uv": [12, 6, 13, 13], "texture": "#1"},
				"up": {"uv": [12, 11, 13, 12], "texture": "#1"},
				"down": {"uv": [12, 12, 13, 13], "texture": "#1"}
			}
		},
		{
			"from": [4, 0, 10],
			"to": [5, 7, 11],
			"rotation": {"angle": 0, "axis": "y", "origin": [3, 0, 9]},
			"faces": {
				"north": {"uv": [12, 6, 13, 13], "texture": "#1"},
				"east": {"uv": [12, 6, 13, 13], "texture": "#1"},
				"south": {"uv": [12, 6, 13, 13], "texture": "#1"},
				"west": {"uv": [12, 6, 13, 13], "texture": "#1"},
				"up": {"uv": [12, 6, 13, 7], "texture": "#1"},
				"down": {"uv": [12, 12, 13, 13], "texture": "#1"}
			}
		},
		{
			"from": [10, 6, 5],
			"to": [11, 7, 10],
			"rotation": {"angle": 0, "axis": "y", "origin": [10, 6, 8]},
			"faces": {
				"north": {"uv": [9, 14, 15, 15], "texture": "#1"},
				"east": {"uv": [9, 14, 15, 15], "texture": "#1"},
				"south": {"uv": [9, 14, 15, 15], "texture": "#1"},
				"west": {"uv": [9, 14, 15, 15], "texture": "#1"},
				"up": {"uv": [12, 6, 13, 12], "texture": "#1"},
				"down": {"uv": [12, 6, 13, 12], "texture": "#1"}
			}
		},
		{
			"from": [10, 0, 5],
			"to": [11, 1, 10],
			"rotation": {"angle": 0, "axis": "y", "origin": [10, 0, 8]},
			"faces": {
				"north": {"uv": [9, 14, 15, 15], "texture": "#1"},
				"east": {"uv": [9, 14, 15, 15], "texture": "#1"},
				"south": {"uv": [9, 14, 15, 15], "texture": "#1"},
				"west": {"uv": [9, 14, 15, 15], "texture": "#1"},
				"up": {"uv": [12, 6, 13, 12], "texture": "#1"},
				"down": {"uv": [12, 6, 13, 12], "texture": "#1"}
			}
		},
		{
			"from": [4, 6, 5],
			"to": [5, 7, 10],
			"rotation": {"angle": 0, "axis": "y", "origin": [4, 6, 8]},
			"faces": {
				"north": {"uv": [9, 14, 15, 15], "texture": "#1"},
				"east": {"uv": [9, 14, 15, 15], "texture": "#1"},
				"south": {"uv": [9, 14, 15, 15], "texture": "#1"},
				"west": {"uv": [9, 14, 15, 15], "texture": "#1"},
				"up": {"uv": [12, 7, 13, 13], "texture": "#1"},
				"down": {"uv": [12, 6, 13, 12], "texture": "#1"}
			}
		},
		{
			"from": [4, 0, 5],
			"to": [5, 1, 10],
			"rotation": {"angle": 0, "axis": "y", "origin": [4, 0, 8]},
			"faces": {
				"north": {"uv": [9, 14, 15, 15], "texture": "#1"},
				"east": {"uv": [9, 14, 15, 15], "texture": "#1"},
				"south": {"uv": [9, 14, 15, 15], "texture": "#1"},
				"west": {"uv": [9, 14, 15, 15], "texture": "#1"},
				"up": {"uv": [12, 7, 13, 13], "texture": "#1"},
				"down": {"uv": [12, 6, 13, 12], "texture": "#1"}
			}
		},
		{
			"from": [5, 6, 10],
			"to": [10, 7, 11],
			"rotation": {"angle": 0, "axis": "y", "origin": [7, 6, 10]},
			"faces": {
				"north": {"uv": [9, 14, 15, 15], "texture": "#1"},
				"east": {"uv": [9, 14, 15, 15], "texture": "#1"},
				"south": {"uv": [9, 14, 15, 15], "texture": "#1"},
				"west": {"uv": [9, 14, 15, 15], "texture": "#1"},
				"up": {"uv": [9, 14, 15, 15], "texture": "#1"},
				"down": {"uv": [9, 14, 15, 15], "texture": "#1"}
			}
		},
		{
			"from": [5, 0, 10],
			"to": [10, 1, 11],
			"rotation": {"angle": 0, "axis": "y", "origin": [7, 0, 10]},
			"faces": {
				"north": {"uv": [9, 14, 15, 15], "texture": "#1"},
				"east": {"uv": [9, 14, 15, 15], "texture": "#1"},
				"south": {"uv": [9, 14, 15, 15], "texture": "#1"},
				"west": {"uv": [9, 14, 15, 15], "texture": "#1"},
				"up": {"uv": [9, 14, 15, 15], "texture": "#1"},
				"down": {"uv": [9, 14, 15, 15], "texture": "#1"}
			}
		},
		{
			"from": [5, 6, 4],
			"to": [10, 7, 5],
			"rotation": {"angle": 0, "axis": "y", "origin": [7, 6, 4]},
			"faces": {
				"north": {"uv": [9, 14, 15, 15], "texture": "#1"},
				"east": {"uv": [9, 14, 15, 15], "texture": "#1"},
				"south": {"uv": [9, 14, 15, 15], "texture": "#1"},
				"west": {"uv": [9, 14, 15, 15], "texture": "#1"},
				"up": {"uv": [9, 14, 15, 15], "texture": "#1"},
				"down": {"uv": [9, 14, 15, 15], "texture": "#1"}
			}
		},
		{
			"from": [5, 0, 4],
			"to": [10, 1, 5],
			"rotation": {"angle": 0, "axis": "y", "origin": [7, 0, 4]},
			"faces": {
				"north": {"uv": [9, 14, 15, 15], "texture": "#1"},
				"east": {"uv": [9, 14, 15, 15], "texture": "#1"},
				"south": {"uv": [9, 14, 15, 15], "texture": "#1"},
				"west": {"uv": [9, 14, 15, 15], "texture": "#1"},
				"up": {"uv": [9, 14, 15, 15], "texture": "#1"},
				"down": {"uv": [9, 14, 15, 15], "texture": "#1"}
			}
		}
	],
	"display": {
		"thirdperson_righthand": {
			"translation": [0.25, 8, 0.75]
		},
		"thirdperson_lefthand": {
			"translation": [-0.5, 5, 0.75],
			"scale": [0.78, 0.78, 0.76]
		},
		"firstperson_righthand": {
			"translation": [0, 10, 0.5],
			"scale": [1.21, 1, 0.82]
		},
		"firstperson_lefthand": {
			"translation": [0, 10, 0.25],
			"scale": [1.13, 1, 0.77]
		},
		"ground": {
			"translation": [0, 5.75, 0.75]
		},
		"gui": {
			"rotation": [45, 45, 0],
			"translation": [1, 3, 0]
		},
		"head": {
			"translation": [0, 12.25, 0]
		},
		"fixed": {
			"rotation": [-90, 90, 0],
			"translation": [0, 0, -16],
			"scale": [2, 2, 2]
		}
	}
}