{
    "name": "Space Stone",
    "background": "minecraft:textures/block/light_blue_concrete.png",
    "icon": "infinity:space_stone",
    "gui_display_type": "list",
    "ability_bar_texture": "infinity:textures/gui/ability_bars/infinity_ability_bar.png",
 
    "abilities": {
      
        "Teleport": {
            "type": "palladium:command",
            "icon": "infinity:textures/icon/teleport.png",
            "title": "Teleport",
            "bar_color": "light_blue",
            "hidden": false,
            "hidden_in_bar": false,
            "list_index": 0,
            "gui_position": "null",
            "description": "null",
            "first_tick_commands": [],
            "last_tick_commands": [],
            "commands": [
                "say will be fixed later on"
            ],
            "conditions": {
                
                "enabling": [
                    {
                        "type": "palladium:action",
                        "cooldown": 0,
                        "key_type": "key_bind",
                        "needs_empty_hand": false,
                        "allow_scrolling_when_crouching": true
                    }
                ],
                "unlocking": [
    {
        "type": "palladium:or",
        "conditions": [
            {
                "type": "palladium:has_power",
                "power": "infinity:infinity_gauntlet"
            },
            {
                "type": "palladium:item_in_slot",
                "item": {
                    "item": "infinity:tesseract"
                },
                "slot": "mainhand"
            },
            {
                "type": "palladium:item_in_slot",
                "item": {
                    "item": "infinity:tesseract"
                },
                "slot": "offhand"
            },
            {
                "type": "palladium:item_in_slot",
                "item": {
                    "item": "infinity:space_stone"
                },
                "slot": "mainhand"
            },
            {
                "type": "palladium:item_in_slot",
                "item": {
                    "item": "infinity:space_stone"
                },
                "slot": "offhand"
            },
             {
                "type": "palladium:item_in_slot",
                "item": {
                    "item": "infinity:cosmi-rod_space"
                },
                "slot": "mainhand"
            },
            {
                "type": "palladium:item_in_slot",
                "item": {
                    "item": "infinity:cosmi-rod_space"
                },
                "slot": "offhand"
            }
            
        ]
    }
]
            }
        },
      
        "Grab Entity": {
            "type": "palladium:command",
            "icon": "infinity:space_stone",
            "title": "Grab Entity",
            "bar_color": "light_blue",
            "hidden": false,
            "hidden_in_bar": false,
            "list_index": 1,
            "gui_position": "null",
            "description": "null",
            "first_tick_commands": [],
            "last_tick_commands": [],
            "commands": [
                "execute as @s run execute at @s run tp @e[type=!player,type=!item,distance=..7] ^ ^1 ^5",
                "execute as @s run execute at @s run particle dust 0.345 0.714 0.89 1 ^ ^2 ^5 0.3 0.3 0.3 0 50"
            ],
            "conditions": {
                
                "enabling": [
                    {
                        "type": "palladium:toggle",
                        "cooldown": 0,
                        "key_type": "key_bind",
                        "needs_empty_hand": false,
                        "allow_scrolling_when_crouching": true
                    }
                ],
                "unlocking": [
                    {
        "type": "palladium:or",
        "conditions": [
            {
                "type": "palladium:has_power",
                "power": "infinity:infinity_gauntlet"
            },
            {
                "type": "palladium:item_in_slot",
                "item": {
                    "item": "infinity:tesseract"
                },
                "slot": "mainhand"
            },
            {
                "type": "palladium:item_in_slot",
                "item": {
                    "item": "infinity:tesseract"
                },
                "slot": "offhand"
            },
            {
                "type": "palladium:item_in_slot",
                "item": {
                    "item": "infinity:space_stone"
                },
                "slot": "mainhand"
            },
            {
                "type": "palladium:item_in_slot",
                "item": {
                    "item": "infinity:space_stone"
                },
                "slot": "offhand"
            },
             {
                "type": "palladium:item_in_slot",
                "item": {
                    "item": "infinity:cosmi-rod_space"
                },
                "slot": "mainhand"
            },
            {
                "type": "palladium:item_in_slot",
                "item": {
                    "item": "infinity:cosmi-rod_space"
                },
                "slot": "offhand"
            }
            
        ]
    }
                ]
            }
            
        },
       
       

       "render_layer_space_stone_shield": {
        "type": "palladium:render_layer",
        "hidden": true,
        "hidden_in_bar": true,
        "render_layer": "infinity:space_stone_shield",
        "conditions": {
          "enabling":[
              {
                  "type": "palladium:ability_enabled",
                  "ability": "Force Field"
                 }
          ],
          "unlocking": [
            {
        "type": "palladium:or",
        "conditions": [
            {
                "type": "palladium:has_power",
                "power": "infinity:infinity_gauntlet"
            },
            {
                "type": "palladium:item_in_slot",
                "item": {
                    "item": "infinity:tesseract"
                },
                "slot": "mainhand"
            },
            {
                "type": "palladium:item_in_slot",
                "item": {
                    "item": "infinity:tesseract"
                },
                "slot": "offhand"
            },
            {
                "type": "palladium:item_in_slot",
                "item": {
                    "item": "infinity:space_stone"
                },
                "slot": "mainhand"
            },
            {
                "type": "palladium:item_in_slot",
                "item": {
                    "item": "infinity:space_stone"
                },
                "slot": "offhand"
            },
             {
                "type": "palladium:item_in_slot",
                "item": {
                    "item": "infinity:cosmi-rod_space"
                },
                "slot": "mainhand"
            },
            {
                "type": "palladium:item_in_slot",
                "item": {
                    "item": "infinity:cosmi-rod_space"
                },
                "slot": "offhand"
            }
            
        ]
    }
        ]
        }
      },
         
      "Force Field":{
            "type": "palladium:attribute_modifier",
            "icon": "infinity:textures/icon/force_field.png",
            "title": "Force Field",
            "bar_color": "light_blue",
            "hidden": false,
            "hidden_in_bar": false,
            "list_index": 2,
            "gui_position": "null",
            "description": "null",
            "attribute": "minecraft:generic.armor",
            "amount": 2147483647,
            "operation": 0,
            "uuid": "498be4fb-af04-42f2-8948-e6ccdc0d99e1",
            "conditions": {
                
                "enabling": [
                    {
                        "type": "palladium:toggle",
                        "cooldown": 0,
                        "key_type": "key_bind",
                        "needs_empty_hand": false,
                        "allow_scrolling_when_crouching": true
                    }
                ],
                "unlocking": [
                    {
        "type": "palladium:or",
        "conditions": [
            {
                "type": "palladium:has_power",
                "power": "infinity:infinity_gauntlet"
            },
            {
                "type": "palladium:item_in_slot",
                "item": {
                    "item": "infinity:tesseract"
                },
                "slot": "mainhand"
            },
            {
                "type": "palladium:item_in_slot",
                "item": {
                    "item": "infinity:tesseract"
                },
                "slot": "offhand"
            },
            {
                "type": "palladium:item_in_slot",
                "item": {
                    "item": "infinity:space_stone"
                },
                "slot": "mainhand"
            },
            {
                "type": "palladium:item_in_slot",
                "item": {
                    "item": "infinity:space_stone"
                },
                "slot": "offhand"
            },
             {
                "type": "palladium:item_in_slot",
                "item": {
                    "item": "infinity:cosmi-rod_space"
                },
                "slot": "mainhand"
            },
            {
                "type": "palladium:item_in_slot",
                "item": {
                    "item": "infinity:cosmi-rod_space"
                },
                "slot": "offhand"
            }
            
        ]
    }
                ]
            }
        },
        "shield_toughness":{
            "type": "palladium:attribute_modifier",
            "icon": "minecraft:iron_chestplate",
            "title": "Max Health",
            "bar_color": "orange",
            "hidden": false,
            "hidden_in_bar": false,
            "list_index": -1,
            "gui_position": "null",
            "description": "null",
            "attribute": "minecraft:generic.armor_toughness",
            "amount": 2147483647,
            "operation": 0,
            "uuid": "498be4fb-af04-42f2-8948-e6ccdc0d99e1",
            "conditions": {
                
                "enabling": [
                    {
                        "type": "palladium:ability_enabled",
                        "ability": "Force Field"
                       }
                ],
                "unlocking": [
                    {
        "type": "palladium:or",
        "conditions": [
            {
                "type": "palladium:has_power",
                "power": "infinity:infinity_gauntlet"
            },
            {
                "type": "palladium:item_in_slot",
                "item": {
                    "item": "infinity:tesseract"
                },
                "slot": "mainhand"
            },
            {
                "type": "palladium:item_in_slot",
                "item": {
                    "item": "infinity:tesseract"
                },
                "slot": "offhand"
            },
            {
                "type": "palladium:item_in_slot",
                "item": {
                    "item": "infinity:space_stone"
                },
                "slot": "mainhand"
            },
            {
                "type": "palladium:item_in_slot",
                "item": {
                    "item": "infinity:space_stone"
                },
                "slot": "offhand"
            },
             {
                "type": "palladium:item_in_slot",
                "item": {
                    "item": "infinity:cosmi-rod_space"
                },
                "slot": "mainhand"
            },
            {
                "type": "palladium:item_in_slot",
                "item": {
                    "item": "infinity:cosmi-rod_space"
                },
                "slot": "offhand"
            }
            
        ]
    }
                ]
            }
        },
      
        "Shield Block":{
            "type": "pantheonsent:moon_knight_blocking",
            "icon": "minecraft:blaze_rod",
            "title": "null",
            "bar_color": "light_gray",
            "hidden": true,
            "hidden_in_bar": true,
            "list_index": -1,
            "gui_position": "null",
            "description": "null",
            "conditions": {
                
                "enabling": [
                    {
                        "type": "palladium:ability_enabled",
                        "ability": "Force Field"
                       }
                ],
                "unlocking": [
                    {
        "type": "palladium:or",
        "conditions": [
            {
                "type": "palladium:has_power",
                "power": "infinity:infinity_gauntlet"
            },
            {
                "type": "palladium:item_in_slot",
                "item": {
                    "item": "infinity:tesseract"
                },
                "slot": "mainhand"
            },
            {
                "type": "palladium:item_in_slot",
                "item": {
                    "item": "infinity:tesseract"
                },
                "slot": "offhand"
            },
            {
                "type": "palladium:item_in_slot",
                "item": {
                    "item": "infinity:space_stone"
                },
                "slot": "mainhand"
            },
            {
                "type": "palladium:item_in_slot",
                "item": {
                    "item": "infinity:space_stone"
                },
                "slot": "offhand"
            },
             {
                "type": "palladium:item_in_slot",
                "item": {
                    "item": "infinity:cosmi-rod_space"
                },
                "slot": "mainhand"
            },
            {
                "type": "palladium:item_in_slot",
                "item": {
                    "item": "infinity:cosmi-rod_space"
                },
                "slot": "offhand"
            }
            
        ]
    }
                ]
            }
        },
        "black_hole": {
            "type": "palladium:command",
            "icon": "infinity:textures/icon/black_hole.png",
            "title": "Black Hole",
            "bar_color": "light_blue",
            "hidden": true,
            "hidden_in_bar": false,
            "list_index": 3,
         "gui_position": "null",
            "description": "null",
            "first_tick_commands": [],
            "last_tick_commands": [],
            "commands": [
                "function infinity:blackhole"
            ],
            "conditions": {
                
                "enabling": [
                    {
                        "type": "palladium:action",
                        "cooldown": 0,
                        "key_type": "key_bind",
                        "needs_empty_hand": false,
                        "allow_scrolling_when_crouching": true
                    }
                ],
                "unlocking": [
                    {   
                "type": "palladium:has_power",
                "power": "infinity:space_stone"
            },
            {   
                "type": "palladium:has_power",
                "power": "infinity:power_stone_passive"
            },
            {
                "type": "palladium:not",
                "conditions": [
                    {
                        "type": "palladium:crouching"
                    }
                ]
            },
            {
        "type": "palladium:or",
        "conditions": [
            {
                "type": "palladium:has_power",
                "power": "infinity:infinity_gauntlet"
            },
            {
                "type": "palladium:item_in_slot",
                "item": {
                    "item": "infinity:tesseract"
                },
                "slot": "mainhand"
            },
            {
                "type": "palladium:item_in_slot",
                "item": {
                    "item": "infinity:tesseract"
                },
                "slot": "offhand"
            },
            {
                "type": "palladium:item_in_slot",
                "item": {
                    "item": "infinity:space_stone"
                },
                "slot": "mainhand"
            },
            {
                "type": "palladium:item_in_slot",
                "item": {
                    "item": "infinity:space_stone"
                },
                "slot": "offhand"
            },
             {
                "type": "palladium:item_in_slot",
                "item": {
                    "item": "infinity:cosmi-rod_space"
                },
                "slot": "mainhand"
            },
            {
                "type": "palladium:item_in_slot",
                "item": {
                    "item": "infinity:cosmi-rod_space"
                },
                "slot": "offhand"
            }
            
        ]
    }
                ]
            }
        },
        "black_hole_off": {
            "type": "palladium:command",
            "icon": "minecraft:barrier",
            "title": "Black Hole Off",
            "bar_color": "light_blue",
            "hidden": true,
            "hidden_in_bar": false,
            "list_index": 3,
         "gui_position": "null",
            "description": "null",
            "first_tick_commands": [],
            "last_tick_commands": [],
            "commands": [
                "kill @e[tag=blackhole]",
                "tag @s remove blackholeon"
            ],
            "conditions": {
                
                "enabling": [
                    {
                        "type": "palladium:action",
                        "cooldown": 0,
                        "key_type": "key_bind",
                        "needs_empty_hand": false,
                        "allow_scrolling_when_crouching": true
                    }
                ],
                "unlocking": [
                    {   
                "type": "palladium:has_power",
                "power": "infinity:space_stone"
            },
            {   
                "type": "palladium:has_power",
                "power": "infinity:power_stone_passive"
            },
            {
                "type": "palladium:crouching"
            },
            {
        "type": "palladium:or",
        "conditions": [
            {
                "type": "palladium:has_power",
                "power": "infinity:infinity_gauntlet"
            },
            {
                "type": "palladium:item_in_slot",
                "item": {
                    "item": "infinity:tesseract"
                },
                "slot": "mainhand"
            },
            {
                "type": "palladium:item_in_slot",
                "item": {
                    "item": "infinity:tesseract"
                },
                "slot": "offhand"
            },
            {
                "type": "palladium:item_in_slot",
                "item": {
                    "item": "infinity:space_stone"
                },
                "slot": "mainhand"
            },
            {
                "type": "palladium:item_in_slot",
                "item": {
                    "item": "infinity:space_stone"
                },
                "slot": "offhand"
            },
             {
                "type": "palladium:item_in_slot",
                "item": {
                    "item": "infinity:cosmi-rod_space"
                },
                "slot": "mainhand"
            },
            {
                "type": "palladium:item_in_slot",
                "item": {
                    "item": "infinity:cosmi-rod_space"
                },
                "slot": "offhand"
            }
            
        ]
    }
                ]
            }
        },
         "remove_space_stone": {
    "type": "palladium:command",
    "icon": "infinity:space_stone",
    "title": "Remove Space Stone",
    "bar_color": "light_blue",
    "hidden": true,
    "hidden_in_bar": false,
    "list_index": -1,
    "gui_position": "null",
    "description": "Remove Space Stone",
    "commands": [
        "execute as @s run clear @s infinity:tesseract",
       "execute as @s run give @s infinity:space_stone{Enchantments:[{}]}",
        "execute as @s run give @s infinity:empty_tesseract"
    ],
    "conditions": {
        "enabling": [
            {
                "type": "palladium:action",
                "cooldown": 0,                                              
                "key_type": "key_bind",
                "needs_empty_hand": false,
                "allow_scrolling_when_crouching": true
            }
        ],
        "unlocking":[
             {
                        "type": "palladium:or",
                        "conditions": [
                            {
                        "type": "palladium:item_in_slot",
                        "item": {
                            "item": "infinity:tesseract"
                        },
                        "slot": "offhand"
                    },
                     {
                        "type": "palladium:item_in_slot",
                        "item": {
                            "item": "infinity:tesseract"
                        },
                        "slot": "mainhand"
                    }

                        ]
                    }
        ]
    }
}
        
       

       
    }
}