{
	"format_version": "1.12.0",
	"minecraft:geometry": [
		{
			"description": {
				"identifier": "geometry.unknown",
				"texture_width": 128,
				"texture_height": 128,
				"visible_bounds_width": 3,
				"visible_bounds_height": 3.5,
				"visible_bounds_offset": [0, 1.25, 0]
			},
			"bones": [
				{
					"name": "head",
					"pivot": [0.25, 24, 0],
					"cubes": [
						{"origin": [-4.75, 23.75, -5], "size": [10, 10, 10], "uv": [-2, -1]}
					]
				},
				{
					"name": "body",
					"pivot": [0, 24, 0],
					"cubes": [
						{"origin": [-4.25, 12.25, -2.25], "size": [8.5, 12, 4.5], "uv": [0, 16]}
					]
				},
				{
					"name": "right_arm",
					"pivot": [-5, 22, 0],
					"cubes": [
						{"origin": [-8.25, 11.75, -2.25], "size": [4.5, 12.5, 4.5], "uv": [16, 32]}
					]
				},
				{
					"name": "left_arm",
					"pivot": [5, 22, 0],
					"cubes": [
						{"origin": [3.75, 11.75, -2.25], "size": [4.5, 12.5, 4.5], "uv": [32, 0]}
					]
				},
				{
					"name": "right_leg",
					"pivot": [-1.9, 12, 0],
					"cubes": [
						{"origin": [-4, -0.25, -2.25], "size": [4.5, 12.75, 4.5], "uv": [24, 16]}
					]
				},
				{
					"name": "left_leg",
					"pivot": [1.9, 12, 0],
					"cubes": [
						{"origin": [-0.25, -0.25, -2.25], "size": [4.5, 12.75, 4.5], "uv": [0, 32]}
					]
				}
			]
		}
	]
}