{
    "name": "Infinity Gauntlet",
    "background": "minecraft:textures/block/sculk.png",
    "icon": "infinity:infinity_gauntlet",
    "ability_bar_texture": "infinity:textures/gui/ability_bars/infinity_ability_bar.png",
    "gui_display_type": "tree",
    "persistent_data": true,
    "abilities": {

"render_layer_gauntlet": {
     "type": "palladium:render_layer",
     "hidden": true,
     "hidden_in_bar": true,
     "render_layer": "infinity:gauntlet"    
},

"remove_stone_wheel":{
    "type": "palladium:ability_wheel",
    "icon": "infinity:textures/item/infinity_gauntlet2.png",
    "title": "remove stones",
    "bar_color": "light_gray",
    "hidden": false,
    "hidden_in_bar": false,
    "list_index": 0,
    "gui_position": "null",
    "description": "null",
    "abilities": [
        "remove_power_stone",
         "remove_space_stone",
          "remove_reality_stone",
           "remove_time_stone",
            "remove_soul_stone",
             "remove_mind_stone"
        
    ],
    "texture": "null",
    "conditions": {
        "enabling": [
            {
                "type": "palladium:held",
                "cooldown": 0,
                "key_type": "key_bind",
                "needs_empty_hand": false
            }
        ],
        "unlocking":[
            {
                "type": "palladium:crouching"
            }
        ]
    }
},

"insert_stone_wheel":{
    "type": "palladium:ability_wheel",
    "icon": "infinity:textures/item/infinity_gauntlet_full.png",
    "title": "insert Stone",
    "bar_color": "light_gray",
    "hidden": false,
    "hidden_in_bar": false,
    "list_index": 0,
    "gui_position": "null",
    "description": "null",
    "abilities": [
        "insert_power_stone",
         "insert_space_stone",
          "insert_reality_stone",
           "insert_time_stone",
            "insert_soul_stone",
             "insert_mind_stone"
        
    ],
    "texture": "null",
    "conditions": {
        "enabling": [
             {
                "type": "palladium:held",
                "cooldown": 0,
                "key_type": "key_bind",
                "needs_empty_hand": false
            }
        ],
        "unlocking":[
            {
                "type": "palladium:not",
                "conditions": [
                    {
                        "type": "palladium:crouching"
                    }
                ]
            }
            
            
        ]
    }
},

"insert_power_stone": {
    "type": "palladium:command",
    "icon": "infinity:power_stone",
    "title": "Insert Power Stone",
    "bar_color": "purple",
    "hidden": true,
    "hidden_in_bar": true,
    "list_index": -1,
    "gui_position": "null",
    "description": "Power Stone Abilities",
    "commands": [
        "clear @s infinity:power_stone 1",
        "superpower add infinity:power_stone_passive @s"
    ],
    "conditions": {  
        "enabling": [
            {
                "type": "palladium:toggle",
                "cooldown": 0,
                "key_type": "key_bind",
                "needs_empty_hand": false,
                "allow_scrolling_when_crouching": true
            }
        ], 
        "unlocking": [
            {
                "type": "palladium:item_in_slot",
                "item": {"item": "infinity:power_stone"},
                "slot": "mainhand"
            }
        ]
    }
},

"render_layer_power": {
    "type": "palladium:render_layer",
    "hidden": true,
    "hidden_in_bar": true,
    "render_layer": "infinity:gauntlet_power",
    "conditions": {
        "enabling": [
            {  
                "type": "palladium:has_power",
                "power": "infinity:power_stone_passive"
            }
        ]
    }
},

"remove_power_stone": {
    "type": "palladium:command",
    "icon": "infinity:power_stone",
    "title": "Remove Power Stone",
    "bar_color": "purple",
    "hidden": true,
    "hidden_in_bar": true,
    "list_index": -1,
    "gui_position": "null",
    "description": "Remove Power Stone",
    "commands": [
        "execute as @s run clear @s infinity:power_stone",
        "execute as @s run give @s infinity:power_stone{Enchantments:[{}]}",
        "execute as @s run superpower remove infinity:power_stone_passive @s"
    ],
    "conditions": {
        "enabling": [
            {
                "type": "palladium:action",
                "cooldown": 0,
                "key_type": "key_bind",
                "needs_empty_hand": false,
                "allow_scrolling_when_crouching": true
            }
        ],
        "unlocking": [
            {   
                "type": "palladium:has_power",
                "power": "infinity:power_stone_passive"
            }
        ]
    }
},

"insert_space_stone": {
    "type": "palladium:command",
    "icon": "infinity:space_stone",
    "title": "Insert Space Stone",
    "bar_color": "light_blue",
    "hidden": true,
    "hidden_in_bar": true,
    "list_index": -1,
    "gui_position": "null",
    "description": "Space Stone Abilities",
    "commands": [
        "clear @s infinity:space_stone 1",
        "superpower add infinity:space_stone @s"
    ],
    "conditions": {  
        "enabling": [
            {
                "type": "palladium:toggle",
                "cooldown": 0,
                "key_type": "key_bind",
                "needs_empty_hand": false,
                "allow_scrolling_when_crouching": true
            }
        ], 
        "unlocking": [
            {
                "type": "palladium:item_in_slot",
                "item": {"item": "infinity:space_stone"},
                "slot": "mainhand"
            }
        ]
    }
},
"render_layer_space": {
    "type": "palladium:render_layer",
    "hidden": true,
    "hidden_in_bar": true,
    "render_layer": "infinity:gauntlet_space",
    "conditions": {
        "enabling": [
            {  
                "type": "palladium:has_power",
                "power": "infinity:space_stone"
            }
        ]
    }
},

"remove_space_stone": {
    "type": "palladium:command",
    "icon": "infinity:space_stone",
    "title": "Remove Space Stone",
    "bar_color": "light_blue",
    "hidden": true,
    "hidden_in_bar": true,
    "list_index": -1,
    "gui_position": "null",
    "description": "Remove Space Stone",
    "commands": [
        "execute as @s run clear @s infinity:space_stone",
        "execute as @s run give @s infinity:space_stone{Enchantments:[{}]}",
        "execute as @s run superpower remove infinity:space_stone @s"
    ],
    "conditions": {
        "enabling": [
            {
                "type": "palladium:action",
                "cooldown": 0,
                "key_type": "key_bind",
                "needs_empty_hand": false,
                "allow_scrolling_when_crouching": true
            }
        ],
        "unlocking": [
            {   
                "type": "palladium:has_power",
                "power": "infinity:space_stone"
            }
        ]
    }
},
"insert_reality_stone": {
    "type": "palladium:command",
    "icon": "infinity:reality_stone",
    "title": "Insert Reality Stone",
    "bar_color": "red",
    "hidden": true,
    "hidden_in_bar": true,
    "list_index": -1,
    "gui_position": "null",
    "description": "Reality Stone Abilities",
    "commands": [
        "clear @s infinity:reality_stone 1",
        "superpower add infinity:reality_stone @s"
    ],
    "conditions": {  
        "enabling": [
            {
                "type": "palladium:toggle",
                "cooldown": 0,
                "key_type": "key_bind",
                "needs_empty_hand": false,
                "allow_scrolling_when_crouching": true
            }
        ], 
        "unlocking": [
            {
                "type": "palladium:item_in_slot",
                "item": {"item": "infinity:reality_stone"},
                "slot": "mainhand"
            }
        ]
    }
},

"render_layer_reality": {
    "type": "palladium:render_layer",
    "hidden": true,
    "hidden_in_bar": true,
    "render_layer": "infinity:gauntlet_reality",
    "conditions": {
        "enabling": [
            {  
                "type": "palladium:has_power",
                "power": "infinity:reality_stone"
            }
        ]
    }
},

"remove_reality_stone": {
    "type": "palladium:command",
    "icon": "infinity:reality_stone",
    "title": "Remove Reality Stone",
    "bar_color": "red",
    "hidden": true,
    "hidden_in_bar": true,
    "list_index": -1,
    "gui_position": "null",
    "description": "Remove Reality Stone",
    "commands": [
        "execute as @s run clear @s infinity:reality_stone",
      "execute as @s run give @s infinity:reality_stone{Enchantments:[{}]}",
        "execute as @s run superpower remove infinity:reality_stone @s"
    ],
    "conditions": {
        "enabling": [
            {
                "type": "palladium:action",
                "cooldown": 0,
                "key_type": "key_bind",
                "needs_empty_hand": false,
                "allow_scrolling_when_crouching": true
            }
        ],
        "unlocking": [
            {   
                "type": "palladium:has_power",
                "power": "infinity:reality_stone"
            }
        ]
    }
},
"insert_time_stone": {
    "type": "palladium:command",
    "icon": "infinity:time_stone",
    "title": "Insert Time Stone",
    "bar_color": "lime",
    "hidden": true,
    "hidden_in_bar": true,
    "list_index": -1,
    "gui_position": "null",
    "description": "Time Stone Abilities",
    "commands": [
        "clear @s infinity:time_stone 1",
        "superpower add infinity:time_stone @s"
    ],
    "conditions": {  
        "enabling": [
            {
                "type": "palladium:toggle",
                "cooldown": 0,
                "key_type": "key_bind",
                "needs_empty_hand": false,
                "allow_scrolling_when_crouching": true
            }
        ], 
        "unlocking": [
            {
                "type": "palladium:item_in_slot",
                "item": {"item": "infinity:time_stone"},
                "slot": "mainhand"
            }
        ]
    }
},

"render_layer_time": {
    "type": "palladium:render_layer",
    "hidden": true,
    "hidden_in_bar": true,
    "render_layer": "infinity:gauntlet_time",
    "conditions": {
        "enabling": [
            {  
                "type": "palladium:has_power",
                "power": "infinity:time_stone"
            }
        ]
    }
},

"remove_time_stone": {
    "type": "palladium:command",
    "icon": "infinity:time_stone",
    "title": "Remove Time Stone",
    "bar_color": "lime",
    "hidden": true,
    "hidden_in_bar": true,
    "list_index": -1,
    "gui_position": "null",
    "description": "Remove Time Stone",
    "commands": [
        "execute as @s run clear @s infinity:time_stone",
       "execute as @s run give @s infinity:time_stone{Enchantments:[{}]}",
        "execute as @s run superpower remove infinity:time_stone @s"
    ],
    "conditions": {
        "enabling": [
            {
                "type": "palladium:action",
                "cooldown": 0,
                "key_type": "key_bind",
                "needs_empty_hand": false,
                "allow_scrolling_when_crouching": true
            }
        ],
        "unlocking": [
            {   
                "type": "palladium:has_power",
                "power": "infinity:time_stone"
            }
        ]
    }
},
"insert_soul_stone": {
    "type": "palladium:command",
    "icon": "infinity:soul_stone",
    "title": "Insert Soul Stone",
    "bar_color": "orange",
    "hidden": true,
    "hidden_in_bar": true,
    "list_index": -1,
    "gui_position": "null",
    "description": "Soul Stone Abilities",
    "commands": [
        "clear @s infinity:soul_stone 1",
        "superpower add infinity:soul_stone @s"
    ],
    "conditions": {  
        "enabling": [
            {
                "type": "palladium:toggle",
                "cooldown": 0,
                "key_type": "key_bind",
                "needs_empty_hand": false,
                "allow_scrolling_when_crouching": true
            }
        ], 
        "unlocking": [
            {
                "type": "palladium:item_in_slot",
                "item": {"item": "infinity:soul_stone"},
                "slot": "mainhand"
            }
        ]
    }
},

"render_layer_soul": {
    "type": "palladium:render_layer",
    "hidden": true,
    "hidden_in_bar": true,
    "render_layer": "infinity:gauntlet_soul",
    "conditions": {
        "enabling": [
            {  
                "type": "palladium:has_power",
                "power": "infinity:soul_stone"
            }
        ]
    }
},

"remove_soul_stone": {
    "type": "palladium:command",
    "icon": "infinity:soul_stone",
    "title": "Remove Soul Stone",
    "bar_color": "orange",
    "hidden": true,
    "hidden_in_bar": true,
    "list_index": -1,
    "gui_position": "null",
    "description": "Remove Soul Stone",
    "commands": [
        "execute as @s run clear @s infinity:soul_stone",
        "execute as @s run give @s infinity:soul_stone{Enchantments:[{}]}",
        "execute as @s run superpower remove infinity:soul_stone @s"
    ],
    "conditions": {
        "enabling": [
            {
                "type": "palladium:action",
                "cooldown": 0,
                "key_type": "key_bind",
                "needs_empty_hand": false,
                "allow_scrolling_when_crouching": true
            }
        ],
        "unlocking": [
            {   
                "type": "palladium:has_power",
                "power": "infinity:soul_stone"
            }
        ]
    }
},
"insert_mind_stone": {
    "type": "palladium:command",
    "icon": "infinity:mind_stone",
    "title": "Insert Mind Stone",
    "bar_color": "yellow",
    "hidden": true,
    "hidden_in_bar": true,
    "list_index": -1,
    "gui_position": "null",
    "description": "Mind Stone Abilities",
    "commands": [
        "clear @s infinity:mind_stone 1",
        "superpower add infinity:mind_stone @s"
    ],
    "conditions": {  
        "enabling": [
            {
                "type": "palladium:toggle",
                "cooldown": 0,
                "key_type": "key_bind",
                "needs_empty_hand": false,
                "allow_scrolling_when_crouching": true
            }
        ], 
        "unlocking": [
            {
                "type": "palladium:item_in_slot",
                "item": {"item": "infinity:mind_stone"},
                "slot": "mainhand"
            }
        ]
    }
},

"render_layer_mind": {
    "type": "palladium:render_layer",
    "hidden": true,
    "hidden_in_bar": true,
    "render_layer": "infinity:gauntlet_mind",
    "conditions": {
        "enabling": [
            {  
                "type": "palladium:has_power",
                "power": "infinity:mind_stone"
            }
        ]
    }
},

"remove_mind_stone": {
    "type": "palladium:command",
    "icon": "infinity:mind_stone",
    "title": "Remove Mind Stone",
    "bar_color": "yellow",
    "hidden": true,
    "hidden_in_bar": true,
    "list_index": -1,
    "gui_position": "null",
    "description": "Remove Mind Stone",
    "commands": [
        "execute as @s run clear @s infinity:mind_stone",
        "execute as @s run give @s infinity:mind_stone{Enchantments:[{}]}",
        "execute as @s run superpower remove infinity:mind_stone @s"
    ],
    "conditions": {
        "enabling": [
            {
                "type": "palladium:action",
                "cooldown": 0,
                "key_type": "key_bind",
                "needs_empty_hand": false,
                "allow_scrolling_when_crouching": true
            }
        ],
        "unlocking": [
            {   
                "type": "palladium:has_power",
                "power": "infinity:mind_stone"
            }
        ]
    }
},
"snap": {
    "type": "palladium:command",
    "icon": "infinity:infinity_gauntlet",
    "title": "Snap",
    "bar_color": "yellow",
    "hidden": true,
    "hidden_in_bar": false,
    "list_index": 1,
    "gui_position": "null",
    "description": "Snap",
    "commands": [
        "function infinity:snap1",
        "playsound minecraft:block.conduit.activate master @a",
        "playsound minecraft:entity.wither.spawn master @a",
        "playsound minecraft:entity.lightning_bolt.thunder master @a",
        "playsound minecraft:entity.ender_dragon.death master @a"
    ],
    "conditions": {
        "enabling": [
            {
                "type": "palladium:action",
                "cooldown": 0,
                "key_type": "key_bind",
                "needs_empty_hand": false,
                "allow_scrolling_when_crouching": true
            }
        ],
        "unlocking": [
            {   
                "type": "palladium:has_power",
                "power": "infinity:mind_stone"
            },
            {   
                "type": "palladium:has_power",
                "power": "infinity:power_stone_passive"
            },
            {   
                "type": "palladium:has_power",
                "power": "infinity:space_stone"
            },
            {   
                "type": "palladium:has_power",
                "power": "infinity:reality_stone"
            },
            {   
                "type": "palladium:has_power",
                "power": "infinity:time_stone"
            },
            {   
                "type": "palladium:has_power",
                "power": "infinity:soul_stone"
            }
            
        ]
    }
},
"destroy_stones": {
    "type": "palladium:command",
    "icon": "infinity:infinity_gauntlet",
    "title": "Destroy All Stones",
    "bar_color": "yellow",
    "hidden": true,
    "hidden_in_bar": false,
    "list_index": 2,
    "gui_position": "null",
    "description": "Snap",
    "commands": [
        "superpower remove infinity:power_stone_passive",
        "superpower remove infinity:space_stone",
        "superpower remove infinity:reality_stone",
        "superpower remove infinity:time_stone",
        "superpower remove infinity:soul_stone",
        "superpower remove infinity:mind_stone",
        "playsound minecraft:block.conduit.activate master @a",
        "playsound minecraft:entity.wither.spawn master @a",
        "playsound minecraft:entity.lightning_bolt.thunder master @a",
        "playsound minecraft:entity.ender_dragon.death master @a"
    ],
    "conditions": {
        "enabling": [
            {
                "type": "palladium:action",
                "cooldown": 0,
                "key_type": "key_bind",
                "needs_empty_hand": false,
                "allow_scrolling_when_crouching": true
            }
        ],
        "unlocking": [
            {   
                "type": "palladium:has_power",
                "power": "infinity:mind_stone"
            },
            {   
                "type": "palladium:has_power",
                "power": "infinity:power_stone_passive"
            },
            {   
                "type": "palladium:has_power",
                "power": "infinity:space_stone"
            },
            {   
                "type": "palladium:has_power",
                "power": "infinity:reality_stone"
            },
            {   
                "type": "palladium:has_power",
                "power": "infinity:time_stone"
            },
            {   
                "type": "palladium:has_power",
                "power": "infinity:soul_stone"
            }
            
        ]
    }
}
    }
}
