{
    "name": "Power Stone",
    "background": "minecraft:textures/block/purple_concrete.png",
    "icon": "infinity:power_stone",
    "gui_display_type": "list",
    "ability_bar_texture": "infinity:textures/gui/ability_bars/infinity_ability_bar.png",
 
    "abilities": {
      "power_stone_stuff":{
    "type": "palladium:ability_wheel",
    "icon": "infinity:textures/item/infinity_gauntlet2.png",
    "title": "test",
    "bar_color": "light_gray",
    "hidden": false,
    "hidden_in_bar": false,
    "list_index": 2,
    "gui_position": "null",
    "description": "null",
    "abilities": [
    
          "aim_3",
           "Impower"
        
    ],
    "texture": "null",
    "conditions": {
        "enabling": [
            {
                "type": "palladium:held",
                "cooldown": 0,
                "key_type": "key_bind",
                "needs_empty_hand": false
            }
        ]
    }
},
        
      
        "Power Blast": {
            "type": "palladium:energy_beam",
            "icon": "infinity:textures/icon/power_blast.png",
            "title": "Power Blast",
            "bar_color": "purple",
            "hidden": false,
            "hidden_in_bar": false,
            "list_index": -1,
            "gui_position": "null",
            "description": "null",
            "energy_beam": "infinity:power_stone_beam",
            "damage": 2147483647,
            "max_distance": 50,
            "speed": 0.5,
            "set_on_fire_seconds": 1,
            "cause_fire": false,
            "smelt_blocks": false,
            "conditions": {
               
                "enabling": [
                    {
                        "type": "palladium:ability_enabled",
                        "ability": "aim"
                    }
                ],
                "unlocking": [
                    {
                        "type": "palladium:or",
                        "conditions": [
                            {
                                "type": "palladium:item_in_slot",
                                "item": {
                                    "item": "infinity:power_stone"
                                },
                                "slot": "mainhand"
                            },
                            {
                                "type": "palladium:item_in_slot",
                                "item": {
                                    "item": "infinity:power_stone"
                                },
                                "slot": "offhand"
                            }
                            
                        ]
                    },
                    {
                        "type": "palladium:not",
                        "conditions": [
                            {
                        "type": "palladium:or",
                        "conditions": [
                           
                            {
                                "type": "palladium:item_in_slot",
                                "item": {
                                    "item": "infinity:cosmi-rod_power"
                                },
                                "slot": "offhand"
                            },
                            {
                                "type": "palladium:item_in_slot",
                                "item": {
                                    "item": "infinity:cosmi-rod_power"
                                },
                                "slot": "mainhand"
                            },
                             {
                                "type": "palladium:has_power",
                                "power": "infinity:infinity_gauntlet"
                            }
                            
                            
                        ]
                    }
                    ]
                    }
                ]
            }
            
        },
       

        "aim": {
            "type": "palladium:aim",
            "icon": "infinity:textures/icon/power_blast.png",
            "title": "Power Blast",
            "bar_color": "purple",
            "hidden": false,
            "hidden_in_bar": false,
            "list_index": 0,
            "gui_position": "null",
            "description": "null",
            "time": 1,
            "arm": "main_arm",
            "conditions": {
                
                "enabling": [
                    {
                        "type": "palladium:held",
                        "cooldown": 0
                    }
                ],
                "unlocking": [
                      {
                                "type": "palladium:item_in_slot",
                                "item": {
                                    "item": "infinity:cosmi-rod_power"
                                },
                                "slot": "mainhand"
                            },
                     {
                        "type": "palladium:not",
                        "conditions": [
                            {
                        "type": "palladium:or",
                        "conditions": [
                           
                            {
                                "type": "palladium:item_in_slot",
                                "item": {
                                    "item": "infinity:cosmi-rod_power"
                                },
                                "slot": "offhand"
                            },
                            {
                                "type": "palladium:item_in_slot",
                                "item": {
                                    "item": "infinity:cosmi-rod_power"
                                },
                                "slot": "mainhand"
                            },
                             {
                                "type": "palladium:has_power",
                                "power": "infinity:infinity_gauntlet"
                            }
                            
                            
                        ]
                    }
                    ]
                    }
                ]
            }
        },

        "power_bast_2": {
            "type": "palladium:energy_beam",
            "icon": "infinity:textures/icon/power_blast.png",
            "title": "Power Blast 2",
            "bar_color": "purple",
            "hidden": false,
            "hidden_in_bar": false,
            "list_index": -1,
            "gui_position": "null",
            "description": "null",
            "energy_beam": "infinity:cosmi-rod_beam",
            "damage": 2147483647,
            "max_distance": 50,
            "speed": 0.5,
            "set_on_fire_seconds": 1,
            "cause_fire": false,
            "smelt_blocks": false,
            "conditions": {
               
                "enabling": [
                    {
                        "type": "palladium:ability_enabled",
                        "ability": "aim_2"
                    }
                ],
               "unlocking": [
                     {
                                "type": "palladium:item_in_slot",
                                "item": {
                                    "item": "infinity:cosmi-rod_power"
                                },
                                "slot": "mainhand"
                            },
                     {
                        "type": "palladium:not",
                        "conditions": [
                            {
                        "type": "palladium:or",
                        "conditions": [
                            {
                                "type": "palladium:has_power",
                                "power": "infinity:infinity_gauntlet"
                            },
                            {
                                "type": "palladium:item_in_slot",
                                "item": {
                                    "item": "infinity:power_stone"
                                },
                                "slot": "mainhand"
                            },
                            {
                                "type": "palladium:item_in_slot",
                                "item": {
                                    "item": "infinity:power_stone"
                                },
                                "slot": "offhand"
                            },
                             {
                                "type": "palladium:has_power",
                                "power": "infinity:infinity_gauntlet"
                            }
                            
                        ]
                    }
                        ]
                    }
                    
                ]
            }
            
        },
       

        "aim_2": {
            "type": "palladium:aim",
            "icon": "infinity:textures/icon/power_blast.png",
            "title": "Power Blast 2",
            "bar_color": "purple",
            "hidden": false,
            "hidden_in_bar": false,
            "list_index": 0,
            "gui_position": "null",
            "description": "null",
            "time": 1,
            "arm": "main_arm",
            "conditions": {
                
                "enabling": [
                    {
                        "type": "palladium:held",
                        "cooldown": 0
                    }
                ],
              "unlocking": [
                    {
                        "type": "palladium:or",
                        "conditions": [
                           
                           
                            {
                                "type": "palladium:item_in_slot",
                                "item": {
                                    "item": "infinity:cosmi-rod_power"
                                },
                                "slot": "mainhand"
                            }
                            
                            
                        ]
                    },
                     {
                        "type": "palladium:not",
                        "conditions": [
                            {
                        "type": "palladium:or",
                        "conditions": [
                            {
                                "type": "palladium:has_power",
                                "power": "infinity:infinity_gauntlet"
                            },
                            {
                                "type": "palladium:item_in_slot",
                                "item": {
                                    "item": "infinity:power_stone"
                                },
                                "slot": "mainhand"
                            },
                            {
                                "type": "palladium:item_in_slot",
                                "item": {
                                    "item": "infinity:power_stone"
                                },
                                "slot": "offhand"
                            },
                             {
                                "type": "palladium:has_power",
                                "power": "infinity:infinity_gauntlet"
                            }
                            
                        ]
                    }
                        ]
                    }
                    
                ]
            }
        },
         "power_bast_3": {
            "type": "palladium:energy_beam",
            "icon": "infinity:textures/icon/power_blast.png",
            "title": "Power Blast 3",
            "bar_color": "purple",
            "hidden": false,
            "hidden_in_bar": false,
            "list_index": -1,
            "gui_position": "null",
            "description": "null",
            "energy_beam": "infinity:gauntlet_beam",
            "damage": 2147483647,
            "max_distance": 50,
            "speed": 0.5,
            "set_on_fire_seconds": 1,
            "cause_fire": false,
            "smelt_blocks": false,
            "conditions": {
               
                "enabling": [
                    {
                        "type": "palladium:ability_enabled",
                        "ability": "aim_3"
                    }
                ],
               "unlocking": [
                    {
                                "type": "palladium:has_power",
                                "power": "infinity:infinity_gauntlet"
                            },
                     {
                        "type": "palladium:not",
                        "conditions": [
                            {
                        "type": "palladium:or",
                        "conditions": [
                            
                            {
                                "type": "palladium:item_in_slot",
                                "item": {
                                    "item": "infinity:power_stone"
                                },
                                "slot": "mainhand"
                            },
                            {
                                "type": "palladium:item_in_slot",
                                "item": {
                                    "item": "infinity:power_stone"
                                },
                                "slot": "offhand"
                            }
                            
                        ]
                    }
                        ]
                    }
                    
                ]
            }
            
        },
       

        "aim_3": {
            "type": "palladium:aim",
            "icon": "infinity:textures/icon/power_blast.png",
            "title": "Power Blast 3",
            "bar_color": "purple",
            "hidden": false,
            "hidden_in_bar": false,
            "list_index": 0,
            "gui_position": "null",
            "description": "null",
            "time": 1,
            "arm": "off_arm",
            "conditions": {
                
                "enabling": [
                    {
                        "type": "palladium:held",
                        "cooldown": 0
                    }
                ],
              "unlocking": [
                   {
                                "type": "palladium:has_power",
                                "power": "infinity:infinity_gauntlet"
                            },
                     {
                        "type": "palladium:not",
                        "conditions": [
                            {
                        "type": "palladium:or",
                        "conditions": [
                            
                            {
                                "type": "palladium:item_in_slot",
                                "item": {
                                    "item": "infinity:power_stone"
                                },
                                "slot": "mainhand"
                            },
                            {
                                "type": "palladium:item_in_slot",
                                "item": {
                                    "item": "infinity:power_stone"
                                },
                                "slot": "offhand"
                            },
                             {
                                "type": "palladium:item_in_slot",
                                "item": {
                                    "item": "infinity:cosmi-rod_power"
                                },
                                "slot": "mainhand"
                            }
                            
                        ]
                    }
                        ]
                    }
                    
                ]
            }
        },
        "Impower": {
            "type": "palladium:command",
            "icon": "infinity:textures/icon/impower.png",
            "title": "Impower",
            "bar_color": "purple",
            "hidden": false,
            "hidden_in_bar": false,
            "list_index": 1,
            "gui_position": "null",
            "description": "null",
            "first_tick_commands": [],
            "last_tick_commands": [],
            "commands": [
                "effect give @s minecraft:health_boost 90 5 true",
                "effect give @s minecraft:resistance 90 5 true"
            ],
            "conditions": {
                
                "enabling": [
                    {
                        "type": "palladium:action",
                        "cooldown": 0,
                        "key_type": "key_bind",
                        "needs_empty_hand": false,
                        "allow_scrolling_when_crouching": true
                    }
                ],
                "unlocking": [
             {
                        "type": "palladium:or",
                        "conditions": [
                            {
                                "type": "palladium:has_power",
                                "power": "infinity:infinity_gauntlet"
                            },
                            {
                                "type": "palladium:item_in_slot",
                                "item": {
                                    "item": "infinity:power_stone"
                                },
                                "slot": "mainhand"
                            },
                            {
                                "type": "palladium:item_in_slot",
                                "item": {
                                    "item": "infinity:cosmi-rod_power"
                                },
                                "slot": "offhand"
                            },
                            {
                                "type": "palladium:item_in_slot",
                                "item": {
                                    "item": "infinity:cosmi-rod_power"
                                },
                                "slot": "mainhand"
                            },
                            {
                                "type": "palladium:item_in_slot",
                                "item": {
                                    "item": "infinity:power_stone"
                                },
                                "slot": "offhand"
                            },
                             {
                                "type": "palladium:item_in_slot",
                                "item": {
                                    "item": "infinity:cosmi-rod_power"
                                },
                                "slot": "mainhand"
                            }
                            
                        ]
                    }
        ]
            }
        },
       

        "punch": {
            "type": "palladium:attribute_modifier",
            "icon": "infinity:power_stone",
            "title": "Punch Damage",
            "bar_color": "purple",
            "hidden": false,
            "hidden_in_bar": true,
            "list_index": -1,
            "gui_position": "null",
            "description": "null",
            "attribute": "palladium:punch_damage",
            "amount": 2147483647,
            "operation": 0,
            "uuid": "498be4fb-af04-42f2-8948-e6ccdc0d99e1",
            "conditions": {
            
                "unlocking": [
                
                {
                        "type": "palladium:or",
                        "conditions": [
                            {
                                "type": "palladium:has_power",
                                "power": "infinity:infinity_gauntlet"
                            },
                            {
                                "type": "palladium:item_in_slot",
                                "item": {
                                    "item": "infinity:power_stone"
                                },
                                "slot": "mainhand"
                            },
                            {
                                "type": "palladium:item_in_slot",
                                "item": {
                                    "item": "infinity:cosmi-rod_power"
                                },
                                "slot": "offhand"
                            },
                            {
                                "type": "palladium:item_in_slot",
                                "item": {
                                    "item": "infinity:cosmi-rod_power"
                                },
                                "slot": "mainhand"
                            },
                            {
                                "type": "palladium:item_in_slot",
                                "item": {
                                    "item": "infinity:power_stone"
                                },
                                "slot": "offhand"
                            }
                            
                        ]
                    }
            ]
            }
        },
        "Explosion": {
            "type": "palladium:command",
            "icon": "infinity:textures/icon/teleport.png",
            "title": "Explosion",
            "bar_color": "light_blue",
            "hidden": true,
            "hidden_in_bar": true,
            "list_index": 0,
            "gui_position": "null",
            "description": "null",
            "first_tick_commands": [],
            "last_tick_commands": [],
            "commands": [
                "/summon tnt ~8 ~ ~ {Fuse:0}", 
                "/summon tnt ~-8 ~ ~ {Fuse:0}", 
                "/summon tnt ~ ~ ~8 {Fuse:0}",  
                "/summon tnt ~ ~ ~-8 {Fuse:0}",
                "/summon tnt ~8 ~ ~8 {Fuse:0}",
                "/summon tnt ~-8 ~ ~-8 {Fuse:0}",
                "/summon tnt ~8 ~ ~-8 {Fuse:0}",
                "/summon tnt ~-8 ~ ~8 {Fuse:0}",
                "/effect give @s minecraft:wither 1 1 true"
                
            ],
             "conditions": {
            
                "unlocking": [
                {
                        "type": "palladium:not",
                        "conditions": [
                            {
                        "type": "palladium:or",
                        "conditions": [
                            {
                                "type": "palladium:has_power",
                                "power": "infinity:infinity_gauntlet"
                            },
                            
                            {
                                "type": "palladium:item_in_slot",
                                "item": {
                                    "item": "infinity:cosmi-rod_power"
                                },
                                "slot": "offhand"
                            },
                            {
                                "type": "palladium:item_in_slot",
                                "item": {
                                    "item": "infinity:cosmi-rod_power"
                                },
                                "slot": "mainhand"
                            }
                            
                            
                        ]
                    }
                        ]},
                        {
                                "type": "palladium:item_in_slot",
                                "item": {
                                    "item": "infinity:power_stone"
                                },
                                "slot": "mainhand"
                            }
            ]
            }
        }
        
        
       
    }
}