{
    "name": "Power Stone",
    "background": "minecraft:textures/block/orange_concrete.png",
    "icon": "infinity:soul_stone",
    "gui_display_type": "list",
    "ability_bar_texture": "infinity:textures/gui/ability_bars/infinity_ability_bar.png",
 
    "abilities": {
      
    
       
    "Glow": {
    "type": "palladium:entity_glow",
    "icon": "minecraft:textures/mob_effect/glowing.png",
    "title": "Glow",
    "bar_color": "orange",
    "hidden": false,
    "hidden_in_bar": false,
    "list_index": 1,
    "mode": "others",
    "distance": 100,
            "conditions": {
                
                "enabling": [
                    {
                        "type": "palladium:toggle",
                        "cooldown": 0,
                        "key_type": "key_bind",
                        "needs_empty_hand": false,
                        "allow_scrolling_when_crouching": true
                    }
                ],
                 "unlocking": [
                  {
                        "type": "palladium:or",
                        "conditions": [
                            {
                                "type": "palladium:has_power",
                                "power": "infinity:infinity_gauntlet"
                            },
                            {
                                "type": "palladium:item_in_slot",
                                "item": {
                                    "item": "infinity:soul_stone"
                                },
                                "slot": "mainhand"
                            },
                            {
                                "type": "palladium:item_in_slot",
                                "item": {
                                    "item": "infinity:soul_stone"
                                },
                                "slot": "offhand"
                            },
                            {
                                "type": "palladium:item_in_slot",
                                "item": {
                                    "item": "infinity:cosmi-rod_soul"
                                },
                                "slot": "mainhand"
                            },
                            {
                                "type": "palladium:item_in_slot",
                                "item": {
                                    "item": "infinity:cosmi-rod_soul"
                                },
                                "slot": "offhand"
                            }
                            
                        ]
                    }
                ]
            }
        },
         "Immortal": {
   "type": "palladium:immortality",
    "icon": "minecraft:totem_of_undying",
    "title": "null",
    "bar_color": "light_gray",
    "hidden": false,
    "hidden_in_bar": false,
    "list_index": -1,
    "gui_position": "null",
    "description": "null",
            "conditions": {
                
                 "unlocking": [
                  {
                        "type": "palladium:or",
                        "conditions": [
                            {
                                "type": "palladium:has_power",
                                "power": "infinity:infinity_gauntlet"
                            },
                            {
                                "type": "palladium:item_in_slot",
                                "item": {
                                    "item": "infinity:soul_stone"
                                },
                                "slot": "mainhand"
                            },
                            {
                                "type": "palladium:item_in_slot",
                                "item": {
                                    "item": "infinity:soul_stone"
                                },
                                "slot": "offhand"
                            },
                            {
                                "type": "palladium:item_in_slot",
                                "item": {
                                    "item": "infinity:cosmi-rod_soul"
                                },
                                "slot": "mainhand"
                            },
                            {
                                "type": "palladium:item_in_slot",
                                "item": {
                                    "item": "infinity:cosmi-rod_soul"
                                },
                                "slot": "offhand"
                            }
                            
                        ]
                    },
                     {   
                "type": "palladium:has_power",
                "power": "infinity:mind_stone"
            },
            {   
                "type": "palladium:has_power",
                "power": "infinity:power_stone_passive"
            },
            {   
                "type": "palladium:has_power",
                "power": "infinity:space_stone"
            },
            {   
                "type": "palladium:has_power",
                "power": "infinity:reality_stone"
            },
            {   
                "type": "palladium:has_power",
                "power": "infinity:time_stone"
            },
            {   
                "type": "palladium:has_power",
                "power": "infinity:soul_stone"
            }
                ]
            }
        },
        "Saturation": {
            "type": "palladium:command",
            "icon": "minecraft:textures/mob_effect/glowing.png",
            "title": "Saturation",
            "bar_color": "orange",
            "hidden": true,
            "hidden_in_bar": true,
            "list_index": -1,
            "gui_position": "null",
            "description": "null",
            "first_tick_commands": [],
            "last_tick_commands": [],
            "commands": [
                "effect give @s minecraft:saturation infinite 20 true"
            ],
            "conditions": {
                
               
                 "unlocking": [
                   {
                        "type": "palladium:or",
                        "conditions": [
                            {
                                "type": "palladium:has_power",
                                "power": "infinity:infinity_gauntlet"
                            },
                            {
                                "type": "palladium:item_in_slot",
                                "item": {
                                    "item": "infinity:soul_stone"
                                },
                                "slot": "mainhand"
                            },
                            {
                                "type": "palladium:item_in_slot",
                                "item": {
                                    "item": "infinity:soul_stone"
                                },
                                "slot": "offhand"
                            },
                            {
                                "type": "palladium:item_in_slot",
                                "item": {
                                    "item": "infinity:cosmi-rod_soul"
                                },
                                "slot": "mainhand"
                            },
                            {
                                "type": "palladium:item_in_slot",
                                "item": {
                                    "item": "infinity:cosmi-rod_soul"
                                },
                                "slot": "offhand"
                            }
                            
                        ]
                    }
                ]
            }
        },
               "immunity": {
            
    "type": "palladium:damage_immunity",
    "icon": "minecraft:potion",
    "title": "null",
    "bar_color": "light_gray",
    "hidden": false,
    "hidden_in_bar": false,
    "list_index": -1,
    "gui_position": "null",
    "description": "null",
    "damage_sources": [
        "minecraft:bypasses_invulnerability"
    ],
            "conditions": {
                
                
                "unlocking": [
                  {
                        "type": "palladium:or",
                        "conditions": [
                            {
                                "type": "palladium:has_power",
                                "power": "infinity:infinity_gauntlet"
                            },
                            {
                                "type": "palladium:item_in_slot",
                                "item": {
                                    "item": "infinity:soul_stone"
                                },
                                "slot": "mainhand"
                            },
                            {
                                "type": "palladium:item_in_slot",
                                "item": {
                                    "item": "infinity:soul_stone"
                                },
                                "slot": "offhand"
                            },
                            {
                                "type": "palladium:item_in_slot",
                                "item": {
                                    "item": "infinity:cosmi-rod_soul"
                                },
                                "slot": "mainhand"
                            },
                            {
                                "type": "palladium:item_in_slot",
                                "item": {
                                    "item": "infinity:cosmi-rod_soul"
                                },
                                "slot": "offhand"
                            }
                            
                        ]
                    },
                     {   
                "type": "palladium:has_power",
                "power": "infinity:mind_stone"
            },
            {   
                "type": "palladium:has_power",
                "power": "infinity:power_stone_passive"
            },
            {   
                "type": "palladium:has_power",
                "power": "infinity:space_stone"
            },
            {   
                "type": "palladium:has_power",
                "power": "infinity:reality_stone"
            },
            {   
                "type": "palladium:has_power",
                "power": "infinity:time_stone"
            },
            {   
                "type": "palladium:has_power",
                "power": "infinity:soul_stone"
            }
                ]
            }
        },
        "Summon_zombie": {
            "type": "palladium:command",
            "icon": "minecraft:zombie_head",
            "title": "Summon_zombie",
            "bar_color": "orange",
            "hidden": false,
            "hidden_in_bar": false,
            "list_index": 2,
            "gui_position": "null",
            "description": "null",
            "first_tick_commands": [],
            "last_tick_commands": [],
            "commands": [
                "summon minecraft:zombie ~ ~ ~",
                "summon minecraft:zombie ~ ~ ~",
                "summon minecraft:zombie ~ ~ ~",
                "summon minecraft:zombie ~ ~ ~",
                "summon minecraft:zombie ~ ~ ~",
                "summon minecraft:zombie ~ ~ ~",
                "summon minecraft:zombie ~ ~ ~"
            ],
            "conditions": {
                 "enabling": [
                    {
                        "type": "palladium:action",
                        "cooldown": 0,
                        "key_type": "key_bind",
                        "needs_empty_hand": false,
                        "allow_scrolling_when_crouching": true
                    }
                ],
               
                 "unlocking": [
                    {
                        "type": "palladium:or",
                        "conditions": [
                            {
                                "type": "palladium:has_power",
                                "power": "infinity:infinity_gauntlet"
                            },
                            {
                                "type": "palladium:item_in_slot",
                                "item": {
                                    "item": "infinity:soul_stone"
                                },
                                "slot": "mainhand"
                            },
                            {
                                "type": "palladium:item_in_slot",
                                "item": {
                                    "item": "infinity:soul_stone"
                                },
                                "slot": "offhand"
                            },
                            {
                                "type": "palladium:item_in_slot",
                                "item": {
                                    "item": "infinity:cosmi-rod_soul"
                                },
                                "slot": "mainhand"
                            },
                            {
                                "type": "palladium:item_in_slot",
                                "item": {
                                    "item": "infinity:cosmi-rod_soul"
                                },
                                "slot": "offhand"
                            }
                            
                        ]
                    }
                ]
            }
        },
         "Health": {
             "type": "palladium:attribute_modifier",
    "icon": "minecraft:iron_chestplate",
    "title": "null",
    "bar_color": "orange",
    "hidden": true,
    "hidden_in_bar": true,
    "list_index": -1,
    "gui_position": "null",
    "description": "null",
    "attribute": "minecraft:generic.max_health",
    "amount": 2147483647,
            "conditions": {
                
               
                 "unlocking": [
                    {
                        "type": "palladium:or",
                        "conditions": [
                            {
                                "type": "palladium:has_power",
                                "power": "infinity:infinity_gauntlet"
                            },
                            {
                                "type": "palladium:item_in_slot",
                                "item": {
                                    "item": "infinity:soul_stone"
                                },
                                "slot": "mainhand"
                            },
                            {
                                "type": "palladium:item_in_slot",
                                "item": {
                                    "item": "infinity:soul_stone"
                                },
                                "slot": "offhand"
                            },
                            {
                                "type": "palladium:item_in_slot",
                                "item": {
                                    "item": "infinity:cosmi-rod_soul"
                                },
                                "slot": "mainhand"
                            },
                            {
                                "type": "palladium:item_in_slot",
                                "item": {
                                    "item": "infinity:cosmi-rod_soul"
                                },
                                "slot": "offhand"
                            }
                            
                        ]
                    }
                ]
            }
        },
        "enter_soulworld": {
            "type": "palladium:command",
            "icon": "infinity:soul_stone",
            "title": "Enter Soulworld",
            "bar_color": "orange",
            "hidden": false,
            "hidden_in_bar": false,
            "list_index": 0,
            "gui_position": "null",
            "description": "null",
            "first_tick_commands": [],
            "last_tick_commands": [],
            "commands": [
               "execute as @e[distance=..5] run execute in infinity:soulworld run tp @s ~ 72 ~"
            ],
            "conditions": {
                 "enabling": [
                    {
                        "type": "palladium:action",
                        "cooldown": 0,
                        "key_type": "key_bind",
                        "needs_empty_hand": false,
                        "allow_scrolling_when_crouching": true
                    }
                ],
               
                 "unlocking": [
                      {
                        "type": "palladium:not",
                        "conditions": [
                            {
                                "type": "palladium:crouching"
                            }
                        ]
                    },
                    {
                        "type": "palladium:or",
                        "conditions": [
                            {
                                "type": "palladium:has_power",
                                "power": "infinity:infinity_gauntlet"
                            },
                            {
                                "type": "palladium:item_in_slot",
                                "item": {
                                    "item": "infinity:soul_stone"
                                },
                                "slot": "mainhand"
                            },
                            {
                                "type": "palladium:item_in_slot",
                                "item": {
                                    "item": "infinity:soul_stone"
                                },
                                "slot": "offhand"
                            },
                            {
                                "type": "palladium:item_in_slot",
                                "item": {
                                    "item": "infinity:cosmi-rod_soul"
                                },
                                "slot": "mainhand"
                            },
                            {
                                "type": "palladium:item_in_slot",
                                "item": {
                                    "item": "infinity:cosmi-rod_soul"
                                },
                                "slot": "offhand"
                            }
                            
                        ]
                    }
                ]
            }
        },
         "exit_soulworld": {
            "type": "palladium:command",
            "icon": "minecraft:barrier",
            "title": "Exit Soulworld",
            "bar_color": "orange",
            "hidden": false,
            "hidden_in_bar": false,
            "list_index": 0,
            "gui_position": "null",
            "description": "null",
            "first_tick_commands": [],
            "last_tick_commands": [],
            "commands": [
                "execute as @e[distance=..5] run effect give @e[distance=..5] minecraft:slow_falling 20 1 true",
                "effect give @s minecraft:slow_falling 20 1 true",
               "execute as @e[distance=..5] run execute in minecraft:overworld run tp @s ~ 72 ~"
            ],
            "conditions": {
                 "enabling": [
                    {
                        "type": "palladium:action",
                        "cooldown": 0,
                        "key_type": "key_bind",
                        "needs_empty_hand": false,
                        "allow_scrolling_when_crouching": true
                    }
                ],
               
                 "unlocking": [
                      {
                                "type": "palladium:crouching"
                            },
                    {
                        "type": "palladium:or",
                        "conditions": [
                            {
                                "type": "palladium:has_power",
                                "power": "infinity:infinity_gauntlet"
                            },
                            {
                                "type": "palladium:item_in_slot",
                                "item": {
                                    "item": "infinity:soul_stone"
                                },
                                "slot": "mainhand"
                            },
                            {
                                "type": "palladium:item_in_slot",
                                "item": {
                                    "item": "infinity:soul_stone"
                                },
                                "slot": "offhand"
                            },
                            {
                                "type": "palladium:item_in_slot",
                                "item": {
                                    "item": "infinity:cosmi-rod_soul"
                                },
                                "slot": "mainhand"
                            },
                            {
                                "type": "palladium:item_in_slot",
                                "item": {
                                    "item": "infinity:cosmi-rod_soul"
                                },
                                "slot": "offhand"
                            }
                            
                        ]
                    }
                ]
            }
        },
         "regen": {
            "type": "palladium:command",
            "icon": "minecraft:barrier",
            "title": "Regeneration",
            "bar_color": "orange",
            "hidden": true,
            "hidden_in_bar": true,
            "list_index": -1,
            "gui_position": "null",
            "description": "null",
            "first_tick_commands": [],
            "last_tick_commands": [],
            "commands": [
               "effect give @s minecraft:regeneration infinite 20 true"
            ],
            "conditions": {
                
                 "unlocking": [
                     
                    {
                        "type": "palladium:or",
                        "conditions": [
                            {
                                "type": "palladium:has_power",
                                "power": "infinity:infinity_gauntlet"
                            },
                            {
                                "type": "palladium:item_in_slot",
                                "item": {
                                    "item": "infinity:soul_stone"
                                },
                                "slot": "mainhand"
                            },
                            {
                                "type": "palladium:item_in_slot",
                                "item": {
                                    "item": "infinity:soul_stone"
                                },
                                "slot": "offhand"
                            },
                            {
                                "type": "palladium:item_in_slot",
                                "item": {
                                    "item": "infinity:cosmi-rod_soul"
                                },
                                "slot": "mainhand"
                            },
                            {
                                "type": "palladium:item_in_slot",
                                "item": {
                                    "item": "infinity:cosmi-rod_soul"
                                },
                                "slot": "offhand"
                            }
                            
                        ]
                    }
                ]
            }
        }




}
}