{
    "name": "Time Stone",
    "background": "minecraft:textures/block/lime_concrete.png",
    "icon": "infinity:time_stone",
    "gui_display_type": "list",
    "ability_bar_texture": "infinity:textures/gui/ability_bars/infinity_ability_bar.png",
 
    "abilities": {
      
        "Fast Forward": {
            "type": "palladium:command",
            "icon": "minecraft:clock",
            "title": "Fast Forward",
            "bar_color": "lime",
            "hidden": false,
            "hidden_in_bar": false,
            "list_index": 0,
            "gui_position": "null",
            "description": "null",
            "first_tick_commands": [],
            "last_tick_commands": [],
            "commands": [
                "time add 100"
            ],
            "conditions": {
                
                "enabling": [
                    {
                        "type": "palladium:held",
                        "cooldown": 0,
                        "key_type": "key_bind",
                        "needs_empty_hand": false
                    }
                ],
                "unlocking": [
                    {
                        "type": "palladium:or",
                        "conditions": [
                            {
                                "type": "palladium:has_power",
                                "power": "infinity:infinity_gauntlet"
                            },
                            {
                                "type": "palladium:item_in_slot",
                                "item": {
                                    "item": "infinity:eye_of_agamotto"
                                },
                                "slot": "chest"
                            },
                            {
                                "type": "palladium:item_in_slot",
                                "item": {
                                    "item": "infinity:eye_of_agamotto"
                                },
                                "slot": "curios:necklace"
                            },
                            {
                                "type": "palladium:item_in_slot",
                                "item": {
                                    "item": "infinity:time_stone"
                                },
                                "slot": "mainhand"
                            },
                            {
                                "type": "palladium:item_in_slot",
                                "item": {
                                    "item": "infinity:time_stone"
                                },
                                "slot": "offhand"
                            },
                            {
                                "type": "palladium:item_in_slot",
                                "item": {
                                    "item": "infinity:eye_of_agamotto"
                                },
                                "slot": "mainhand"
                            },
                            {
                                "type": "palladium:item_in_slot",
                                "item": {
                                    "item": "infinity:eye_of_agamotto"
                                },
                                "slot": "offhand"
                            },
                            {
                                "type": "palladium:item_in_slot",
                                "item": {
                                    "item": "infinity:cosmi-rod_time"
                                },
                                "slot": "mainhand"
                            },
                            {
                                "type": "palladium:item_in_slot",
                                "item": {
                                    "item": "infinity:cosmi-rod_time"
                                },
                                "slot": "offhand"
                            }
                            
                        ]
                    }
                ]
            }
        },
        
        "Stop Time": {
            "type": "palladium:command",
            "icon": "minecraft:barrier",
            "title": "Stop Time",
            "bar_color": "lime",
            "hidden": false,
            "hidden_in_bar": false,
            "list_index": 1,
            "gui_position": "null",
            "description": "null",
            "first_tick_commands": [],
            "last_tick_commands": [],
            "commands": [
                "gamerule doDaylightCycle false"
            ],
            "conditions": {
                
                "enabling": [
                    {
                        "type": "palladium:action",
                        "cooldown": 0,
                        "key_type": "key_bind",
                        "needs_empty_hand": false,
                        "allow_scrolling_when_crouching": true
                    }
                ],
                "unlocking": [
                    {
                "type": "palladium:crouching"
            },
             {
                        "type": "palladium:or",
                        "conditions": [
                            {
                                "type": "palladium:has_power",
                                "power": "infinity:infinity_gauntlet"
                            },
                            {
                                "type": "palladium:item_in_slot",
                                "item": {
                                    "item": "infinity:eye_of_agamotto"
                                },
                                "slot": "chest"
                            },
                            {
                                "type": "palladium:item_in_slot",
                                "item": {
                                    "item": "infinity:eye_of_agamotto"
                                },
                                "slot": "curios:necklace"
                            },
                            {
                                "type": "palladium:item_in_slot",
                                "item": {
                                    "item": "infinity:time_stone"
                                },
                                "slot": "mainhand"
                            },
                            {
                                "type": "palladium:item_in_slot",
                                "item": {
                                    "item": "infinity:time_stone"
                                },
                                "slot": "offhand"
                            },
                            {
                                "type": "palladium:item_in_slot",
                                "item": {
                                    "item": "infinity:eye_of_agamotto"
                                },
                                "slot": "mainhand"
                            },
                            {
                                "type": "palladium:item_in_slot",
                                "item": {
                                    "item": "infinity:eye_of_agamotto"
                                },
                                "slot": "offhand"
                            },
                            {
                                "type": "palladium:item_in_slot",
                                "item": {
                                    "item": "infinity:cosmi-rod_time"
                                },
                                "slot": "mainhand"
                            },
                            {
                                "type": "palladium:item_in_slot",
                                "item": {
                                    "item": "infinity:cosmi-rod_time"
                                },
                                "slot": "offhand"
                            }
                            
                        ]
                    }
                ]
            }
        },
        "Start Time": {
            "type": "palladium:command",
            "icon": "infinity:time_stone",
            "title": "Start Time",
            "bar_color": "lime",
            "hidden": false,
            "hidden_in_bar": false,
            "list_index": 1,
            "gui_position": "null",
            "description": "null",
            "first_tick_commands": [],
            "last_tick_commands": [],
            "commands": [
                "gamerule doDaylightCycle true"
            ],
            "conditions": {
                
                "enabling": [
                    {
                        "type": "palladium:action",
                        "cooldown": 0,
                        "key_type": "key_bind",
                        "needs_empty_hand": false,
                        "allow_scrolling_when_crouching": true
                    }
                ],
                "unlocking": [
                   {
                "type": "palladium:not",
                "conditions": [
                    {
                        "type": "palladium:crouching"
                    }
                ]
            },
              {
                        "type": "palladium:or",
                        "conditions": [
                            {
                                "type": "palladium:has_power",
                                "power": "infinity:infinity_gauntlet"
                            },
                            {
                                "type": "palladium:item_in_slot",
                                "item": {
                                    "item": "infinity:eye_of_agamotto"
                                },
                                "slot": "chest"
                            },
                            {
                                "type": "palladium:item_in_slot",
                                "item": {
                                    "item": "infinity:eye_of_agamotto"
                                },
                                "slot": "curios:necklace"
                            },
                            {
                                "type": "palladium:item_in_slot",
                                "item": {
                                    "item": "infinity:time_stone"
                                },
                                "slot": "mainhand"
                            },
                            {
                                "type": "palladium:item_in_slot",
                                "item": {
                                    "item": "infinity:time_stone"
                                },
                                "slot": "offhand"
                            },
                            {
                                "type": "palladium:item_in_slot",
                                "item": {
                                    "item": "infinity:eye_of_agamotto"
                                },
                                "slot": "mainhand"
                            },
                            {
                                "type": "palladium:item_in_slot",
                                "item": {
                                    "item": "infinity:eye_of_agamotto"
                                },
                                "slot": "offhand"
                            },
                            {
                                "type": "palladium:item_in_slot",
                                "item": {
                                    "item": "infinity:cosmi-rod_time"
                                },
                                "slot": "mainhand"
                            },
                            {
                                "type": "palladium:item_in_slot",
                                "item": {
                                    "item": "infinity:cosmi-rod_time"
                                },
                                "slot": "offhand"
                            }
                            
                        ]
                    }
                ]
            }
        },
        "render_layer": {
    "type": "palladium:render_layer",
    "hidden": true,
    "hidden_in_bar": true,
    "render_layer": "infinity:eye_of_agamotto",
    "conditions": {
        "enabling": [
            {
                "type": "palladium:or",
                "conditions": [
                    {
                        "type": "palladium:item_in_slot",
                        "item": {
                            "item": "infinity:eye_of_agamotto"
                        },
                        "slot": "chest"
                    },
                    {
                        "type": "palladium:item_in_slot",
                        "item": {
                            "item": "infinity:eye_of_agamotto"
                        },
                        "slot": "curios:necklace"
                    }
                ]
                }
        ]
    }
},
"aim":{
    "type": "palladium:aim",
    "hidden": true,
    "hidden_in_bar": true,
    "list_index": -1,
    "time": 10,
    "arm": "main_arm",
    "conditions": {
        
        "enabling": [
            {
                "type": "palladium:item_in_slot",
                "item": {
                    "item": "infinity:eye_of_agamotto"
                },
                "slot": "mainhand"
            }
        ]
    }
},
"aim2":{
    "type": "palladium:aim",
    "hidden": true,
    "hidden_in_bar": true,
    "list_index": -1,
    "time": 10,
    "arm": "off_arm",
    "conditions": {
        
        "enabling": [
            {
                "type": "palladium:item_in_slot",
                "item": {
                    "item": "infinity:eye_of_agamotto"
                },
                "slot": "offhand"
            }
        ]
    }
},
 "projectile_stop": {
            "type": "palladium:command",
            "icon": "infinity:textures/icon/no_arrow.png",
            "title": "Stop Projectile",
            "bar_color": "lime",
            "hidden": false,
            "hidden_in_bar": false,
            "list_index": 2,
            "gui_position": "null",
            "description": "null",
            "first_tick_commands": [],
            "last_tick_commands": [],
            "commands": [
                "function infinity:stop"
            ],
            "conditions": {
                
               "enabling": [
                    {
                        "type": "palladium:toggle",
                        "cooldown": 0,
                        "key_type": "key_bind",
                        "needs_empty_hand": false,
                        "allow_scrolling_when_crouching": true
                    }
                ],
                "unlocking": [
                    {
                        "type": "palladium:or",
                        "conditions": [
                            {
                                "type": "palladium:has_power",
                                "power": "infinity:infinity_gauntlet"
                            },
                            {
                                "type": "palladium:item_in_slot",
                                "item": {
                                    "item": "infinity:eye_of_agamotto"
                                },
                                "slot": "chest"
                            },
                            {
                                "type": "palladium:item_in_slot",
                                "item": {
                                    "item": "infinity:eye_of_agamotto"
                                },
                                "slot": "curios:necklace"
                            },
                            {
                                "type": "palladium:item_in_slot",
                                "item": {
                                    "item": "infinity:time_stone"
                                },
                                "slot": "mainhand"
                            },
                            {
                                "type": "palladium:item_in_slot",
                                "item": {
                                    "item": "infinity:time_stone"
                                },
                                "slot": "offhand"
                            },
                            {
                                "type": "palladium:item_in_slot",
                                "item": {
                                    "item": "infinity:eye_of_agamotto"
                                },
                                "slot": "mainhand"
                            },
                            {
                                "type": "palladium:item_in_slot",
                                "item": {
                                    "item": "infinity:eye_of_agamotto"
                                },
                                "slot": "offhand"
                            },
                            {
                                "type": "palladium:item_in_slot",
                                "item": {
                                    "item": "infinity:cosmi-rod_time"
                                },
                                "slot": "mainhand"
                            },
                            {
                                "type": "palladium:item_in_slot",
                                "item": {
                                    "item": "infinity:cosmi-rod_time"
                                },
                                "slot": "offhand"
                            }
                            
                        ]
                    }
                ]
            }
        },
         "remove_time_stone": {
    "type": "palladium:command",
    "icon": "infinity:time_stone",
    "title": "Remove Time Stone",
    "bar_color": "lime",
    "hidden": true,
    "hidden_in_bar": false,
    "list_index": -1,
    "gui_position": "null",
    "description": "Remove Time Stone",
    "commands": [
        "execute as @s run clear @s infinity:eye_of_agamotto",
       "execute as @s run give @s infinity:time_stone{Enchantments:[{}]}",
        "execute as @s run give @s infinity:empty_eye_of_agamotto"
    ],
    "conditions": {
        "enabling": [
            {
                "type": "palladium:action",
                "cooldown": 0,                                              
                "key_type": "key_bind",
                "needs_empty_hand": false,
                "allow_scrolling_when_crouching": true
            }
        ],
        "unlocking":[
             {
                        "type": "palladium:or",
                        "conditions": [
                            {
                        "type": "palladium:item_in_slot",
                        "item": {
                            "item": "infinity:eye_of_agamotto"
                        },
                        "slot": "offhand"
                    },
                     {
                        "type": "palladium:item_in_slot",
                        "item": {
                            "item": "infinity:eye_of_agamotto"
                        },
                        "slot": "mainhand"
                    }

                        ]
                    }
        ]
    }
}
       

       
    }
}