{
    "name": "Cosmi-rod",
    "background": "minecraft:textures/block/purple_concrete.png",
    "icon": "infinity:textures/icon/cosmi_rod.png",
    "ability_bar_texture": "infinity:textures/gui/ability_bars/infinity_ability_bar.png",
    "gui_display_type": "list",
 
    "abilities": {
      
        "Shockwave": {
            "type": "palladium:command",
            "icon": "infinity:textures/icon/cosmi_rod.png",
            "title": "Shockwave",
            "bar_color": "purple",
            "hidden": false,
            "hidden_in_bar": false,
            "list_index": 0,
            "gui_position": "null",
            "description": "null",
            "first_tick_commands": [],
            "last_tick_commands": [],
            "commands": [
                "learnSpell learn sonic_boom",
                "cast @s sonic_boom 3"
            ],
            "conditions": {
                
                "enabling": [
                    {
                        "type": "palladium:action",
                        "cooldown": 0,
                        "key_type": "key_bind",
                        "needs_empty_hand": false,
                        "allow_scrolling_when_crouching": true
                    }
                ]
            }
        }
    }
}