{
    "name": "Infinity Panther Necklace",
    "background": "minecraft:textures/block/sculk.png",
    "icon": "infinity:infinity_panther_necklace",
    "ability_bar_texture": "infinity:textures/gui/ability_bars/infinity_ability_bar.png",
    "gui_display_type": "tree",
    "persistent_data": true,
    "abilities": {

"suit": {
          "type": "palladium:shrink_body_overlay",
          "title": "Suit",
          "start_value": 0,
          "max_value": 16,
          "list_index": "20",
          "bar_color": "orange",
          "hidden": false,
          "hidden_in_bar": false,
          "icon": "infinity:infinity_panther_necklace",
          "conditions": {
              "enabling": [
                  {
                      "type": "palladium:toggle"
                  }
              ]
  }
},

"skin_change": {
    "type": "palladium:skin_change",
    "texture": "infinity:textures/models/nothing.png",
    "model_type": "keep",
    "priority": 50,
      "conditions": {
        "enabling": [
            {
                "type": "palladium:ability_integer_property",
                "power": "infinity:infinity_panther_necklace",
                "ability": "suit",
                "property": "value",
                "min": 14,
                "max": 16
    }
        ]
      }
    },

"render_layer": {
      "type": "palladium:render_layer",
      "hidden": true,
      "hidden_in_bar": true,
      "render_layer": "infinity:infinity_panther_transform"
    },

"Power_Stone": {
        "type": "palladium:dummy",
        "bar_color": "purple",
        "title": "Insert Power Stone",
        "icon": "infinity:power_stone",
        "hidden": false,
        "hidden_in_bar": false,
        "list_index": -1,
        "conditions": {
            "unlocking": [
                {
                    "type": "palladium:item_buyable",
                    "ingredient": {
                        "item": "infinity:power_stone"
                    },
                    "amount": 1
                }
            ]
        }
    },

    "Space_Stone": {
        "type": "palladium:dummy",
        "bar_color": "blue",
        "title": "Insert Space Stone",
        "icon": "infinity:space_stone",
        "hidden": false,
        "hidden_in_bar": false,
        "list_index": -1,
        "conditions": {
            "unlocking": [
                {
                    "type": "palladium:item_buyable",
                    "ingredient": {
                        "item": "infinity:space_stone"
                    },
                    "amount": 1
                }
            ]
        }
    },
   
    "Reality_Stone": {
        "type": "palladium:dummy",
        "bar_color": "red",
        "title": "Insert Reality Stone",
        "icon": "infinity:reality_stone",
        "hidden": false,
        "hidden_in_bar": false,
        "list_index": -1,
        "conditions": {
            "unlocking": [
                {
                    "type": "palladium:item_buyable",
                    "ingredient": {
                        "item": "infinity:reality_stone"
                    },
                    "amount": 1
                }
            ]
        }
    },
    "Time_Stone": {
        "type": "palladium:dummy",
        "bar_color": "lime",
        "title": "Insert Time Stone",
        "icon": "infinity:time_stone",
        "hidden": false,
        "hidden_in_bar": false,
        "list_index": -1,
        "conditions": {
            "unlocking": [
                {
                    "type": "palladium:item_buyable",
                    "ingredient": {
                        "item": "infinity:time_stone"
                    },
                    "amount": 1
                }
            ]
        }
    },
   
    "Soul_Stone": {
        "type": "palladium:dummy",
        "bar_color": "orange",
        "title": "Insert Soul Stone",
        "icon": "infinity:soul_stone",
        "hidden": false,
        "hidden_in_bar": false,
        "list_index": -1,
        "conditions": {
            "unlocking": [
                {
                    "type": "palladium:item_buyable",
                    "ingredient": {
                        "item": "infinity:soul_stone"
                    },
                    "amount": 1
                }
            ]
        }
    },
    "Mind_Stone": {
        "type": "palladium:dummy",
        "bar_color": "yellow",
        "title": "Insert Mind Stone",
        "icon": "infinity:mind_stone",
        "hidden": false,
        "hidden_in_bar": false,
        "list_index": -1,
        "conditions": {
            "unlocking": [
                {
                    "type": "palladium:item_buyable",
                    "ingredient": {
                        "item": "infinity:mind_stone"
                    },
                    "amount": 1
                }
            ]
        }
    },


      "render_layer_necklace": {
        "type": "palladium:render_layer",
        "hidden": true,
        "hidden_in_bar": true,
        "render_layer": "infinity:infinity_panther_necklace"
      },

    
   

       "Energy Blast": {
            "type": "palladium:command",
            "icon": "infinity:textures/icon/energy_blast.png",
            "title": "Energy Blast",
            "bar_color": "purple",
            "hidden": true,
            "hidden_in_bar": false,
            "list_index": 0,
            "gui_position": [
                -7,
                1
            ],
            "description": "null",
            "first_tick_commands": [],
            "last_tick_commands": [],
            "commands": [
                "learnSpell learn magic_missile",
                "cast @s magic_missile 10"
            ],
            "conditions": {
                
                "enabling": [
                    {
                        "type": "palladium:action",
                        "cooldown": 0,
                        "key_type": "key_bind",
                        "needs_empty_hand": false,
                        "allow_scrolling_when_crouching": true
                    }
                ],
                "unlocking": [
                    {
                        "type": "palladium:ability_unlocked",
                        "ability": "Power_Stone"
                    },
                    {
                        "type": "palladium:ability_enabled",
                        "ability": "suit"
                    }
                ]
            }
        },
      
        "Power Blast": {
            "type": "palladium:energy_beam",
            "icon": "infinity:textures/icon/power_blast.png",
            "title": "Power Blast",
            "bar_color": "purple",
            "hidden": true,
            "hidden_in_bar": false,
            "list_index": -1,
            "gui_position": [
                -7,
                1
            ],
            "description": "null",
            "energy_beam": "infinity:gauntlet_beam",
            "damage": 2147483647,
            "max_distance": 50,
            "speed": 0.5,
            "set_on_fire_seconds": 1,
            "cause_fire": false,
            "smelt_blocks": false,
            "conditions": {
               
                "enabling": [
                    {
                        "type": "palladium:ability_enabled",
                        "ability": "aim"
                    }
                ],
                "unlocking": [
                    {
                        "type": "palladium:ability_unlocked",
                        "ability": "Power_Stone"
                    },
                    {
                        "type": "palladium:ability_enabled",
                        "ability": "suit"
                    }
                ]
            }
            
        },
        "aim": {
            "type": "palladium:aim",
            "icon": "infinity:textures/icon/power_blast.png",
            "title": "aim",
           "bar_color": "purple",
            "hidden": true,
            "hidden_in_bar": false,
            "list_index": 1,
            "gui_position": [
                -7,
                1
            ],
            "description": "null",
            "time": 1,
            "arm": "off_arm",
            "conditions": {
                
                "enabling": [
                    {
                        "type": "palladium:held",
                        "cooldown": 0
                    }
                ],
                "unlocking": [
                    {
                        "type": "palladium:ability_unlocked",
                        "ability": "Power_Stone"
                    },
                    {
                        "type": "palladium:ability_enabled",
                        "ability": "suit"
                    }
                ]
            }
        },
        "Impower": {
            "type": "palladium:command",
            "icon": "infinity:textures/icon/impower.png",
            "title": "Impower",
            "bar_color": "purple",
            "hidden": true,
            "hidden_in_bar": false,
            "list_index": 2,
            "gui_position": [
                -7,
                1
            ],
            "description": "null",
            "first_tick_commands": [],
            "last_tick_commands": [],
            "commands": [
                "learnSpell learn fortify",
                "cast @s fortify 10"
            ],
            "conditions": {
                
                "enabling": [
                    {
                        "type": "palladium:action",
                        "cooldown": 0,
                        "key_type": "key_bind",
                        "needs_empty_hand": false,
                        "allow_scrolling_when_crouching": true
                    }
                ],
                "unlocking": [
                    {
                        "type": "palladium:ability_unlocked",
                        "ability": "Power_Stone"
                    },
                    {
                        "type": "palladium:ability_enabled",
                        "ability": "suit"
                    }
                ]
            }
        },
        "Rocket Burst": {
            "type": "palladium:command",
            "icon": "infinity:textures/icon/rocket_burst.png",
            "title": "Rocket Burst",
           "bar_color": "purple",
            "hidden": true,
            "hidden_in_bar": false,
            "list_index": 3,
            "gui_position": [
                -7,
                1
            ],
            "description": "null",
            "first_tick_commands": [],
            "last_tick_commands": [],
            "commands": [
                "learnSpell learn starfall",
                "cast @s starfall 10"
            ],
            "conditions": {
                
                "enabling": [
                    {
                        "type": "palladium:action",
                        "cooldown": 0,
                        "key_type": "key_bind",
                        "needs_empty_hand": false,
                        "allow_scrolling_when_crouching": true
                    }
                ],
                "unlocking": [
                    {
                        "type": "palladium:ability_unlocked",
                        "ability": "Power_Stone"
                    },
                    {
                        "type": "palladium:ability_enabled",
                        "ability": "suit"
                    }
                ]
            }
        },
        "Open Hand": {
            "type": "palladium:command",
            "icon": "infinity:textures/icon/open_hand.png",
            "title": "Open Hand",
            "bar_color": "purple",
            "hidden": true,
            "hidden_in_bar": false,
            "list_index": 4,
            "gui_position": [
                -7,
                1
            ],
            "description": "null",
            "first_tick_commands": [],
            "last_tick_commands": [],
            "commands": [
                "learnSpell learn sculk_tentacles",
                "cast Pugmeowla sculk_tentacles 4"
            ],
            "conditions": {
                
                "enabling": [
                    {
                        "type": "palladium:action",
                        "cooldown": 0,
                        "key_type": "key_bind",
                        "needs_empty_hand": false,
                        "allow_scrolling_when_crouching": true
                    }
                ],
                "unlocking": [
                    {
                        "type": "palladium:ability_unlocked",
                        "ability": "Power_Stone"
                    },
                    {
                        "type": "palladium:ability_enabled",
                        "ability": "suit"
                    }
                ]
            }
        },
        "punch": {
            "type": "palladium:attribute_modifier",
            "icon": "infinity:power_stone",
            "title": "Punch Damage",
           "bar_color": "purple",
            "hidden": true,
            "hidden_in_bar": true,
            "list_index": -1,
            "gui_position": "null",
            "description": "null",
            "attribute": "palladium:punch_damage",
            "amount": 2147483647,
            "operation": 0,
            "uuid": "498be4fb-af04-42f2-8948-e6ccdc0d99e1",
            "conditions": {
                
                "unlocking": [
                    {
                        "type": "palladium:ability_unlocked",
                        "ability": "Power_Stone"
                    },
                    {
                        "type": "palladium:ability_enabled",
                        "ability": "suit"
                    }
                ]
            }
        },

      
    
        "Teleport": {
            "type": "palladium:command",
            "icon": "infinity:textures/icon/teleport.png",
            "title": "Teleport",
            "bar_color": "light_blue",
            "hidden": true,
            "hidden_in_bar": false,
            "list_index": 5,
            "gui_position": "null",
            "description": "null",
            "first_tick_commands": [],
            "last_tick_commands": [],
            "commands": [
                "learnSpell learn teleport",
                "cast @s teleport 5"
            ],
            "conditions": {
                
                "enabling": [
                    {
                        "type": "palladium:action",
                        "cooldown": 0,
                        "key_type": "key_bind",
                        "needs_empty_hand": false,
                        "allow_scrolling_when_crouching": true
                    }
                ],
                "unlocking": [
                    {
                        "type": "palladium:ability_unlocked",
                        "ability": "Space_Stone"
                    },
                    {
                        "type": "palladium:ability_enabled",
                        "ability": "suit"
                    }
                ]
            }
        },
      
        "Grab Entity": {
            "type": "palladium:command",
            "icon": "infinity:space_stone",
            "title": "Grab Entity",
            "bar_color": "light_blue",
            "hidden": true,
            "hidden_in_bar": false,
            "list_index": 6,
            "gui_position": "null",
            "description": "null",
            "first_tick_commands": [],
            "last_tick_commands": [],
            "commands": [
                "execute as @s run execute at @s run tp @e[type=!player,type=!item,distance=..7] ^ ^1 ^5"
            ],
            "conditions": {
                
                "enabling": [
                    {
                        "type": "palladium:toggle",
                        "cooldown": 0,
                        "key_type": "key_bind",
                        "needs_empty_hand": false,
                        "allow_scrolling_when_crouching": true
                    }
                ],
                "unlocking": [
                    {
                        "type": "palladium:ability_unlocked",
                        "ability": "Space_Stone"
                    },
                    {
                        "type": "palladium:ability_enabled",
                        "ability": "suit"
                    }
                ]
            }
            
        },
       
        "render_layer_space_stone_shield": {
            "type": "palladium:render_layer",
            "hidden": true,
            "hidden_in_bar": true,
            "render_layer": "infinity:space_stone_shield",
            "conditions": {
              "enabling":[
                  {
                      "type": "palladium:ability_enabled",
                      "ability": "Force Field"
                     }
              ]
            }
          },
             
          "Force Field":{
                "type": "palladium:attribute_modifier",
                "icon": "infinity:textures/icon/force_field.png",
                "title": "Force Field",
                "bar_color": "light_blue",
                "hidden": true,
                "hidden_in_bar": false,
                "list_index": 7,
                "gui_position": "null",
                "description": "null",
                "attribute": "minecraft:generic.armor",
                "amount": 2147483647,
                "operation": 0,
                "uuid": "498be4fb-af04-42f2-8948-e6ccdc0d99e1",
                "conditions": {
                    
                    "enabling": [
                        {
                            "type": "palladium:toggle",
                            "cooldown": 0,
                            "key_type": "key_bind",
                            "needs_empty_hand": false,
                            "allow_scrolling_when_crouching": true
                        }
                    ],
                    "unlocking": [
                    {
                        "type": "palladium:ability_unlocked",
                        "ability": "Space_Stone"
                    },
                    {
                        "type": "palladium:ability_enabled",
                        "ability": "suit"
                    }
                ]
                }
            },
            "shield_toughness":{
                "type": "palladium:attribute_modifier",
                "icon": "minecraft:iron_chestplate",
                "title": "Max Health",
                "bar_color": "orange",
                "hidden": true,
                "hidden_in_bar": true,
                "list_index": 3,
                "gui_position": "null",
                "description": "null",
                "attribute": "minecraft:generic.armor_toughness",
                "amount": 2147483647,
                "operation": 0,
                "uuid": "498be4fb-af04-42f2-8948-e6ccdc0d99e1",
                "conditions": {
                    
                    "enabling": [
                        {
                            "type": "palladium:ability_enabled",
                            "ability": "Force Field"
                           }
                    ]
                }
            },
          
            "Shield Block":{
                "type": "pantheonsent:moon_knight_blocking",
                "icon": "minecraft:blaze_rod",
                "title": "null",
                "bar_color": "light_gray",
                "hidden": true,
                "hidden_in_bar": true,
                "list_index": -1,
                "gui_position": "null",
                "description": "null",
                "conditions": {
                    
                    "enabling": [
                        {
                            "type": "palladium:ability_enabled",
                            "ability": "Force Field"
                           }
                    ]
                }
            },
       
        "Black Hole": {
            "type": "palladium:command",
            "icon": "infinity:textures/icon/black_hole.png",
            "title": "Black Hole",
            "bar_color": "light_blue",
            "hidden": true,
            "hidden_in_bar": false,
            "list_index": 8,
         "gui_position": "null",
            "description": "null",
            "first_tick_commands": [],
            "last_tick_commands": [],
            "commands": [
                "learnSpell learn black_hole",
                "cast @s black_hole 6"
            ],
            "conditions": {
                
                "enabling": [
                    {
                        "type": "palladium:action",
                        "cooldown": 0,
                        "key_type": "key_bind",
                        "needs_empty_hand": false,
                        "allow_scrolling_when_crouching": true
                    }
                ],
                "unlocking": [
                    {
                        "type": "palladium:ability_unlocked",
                        "ability": "Space_Stone"
                    },
                    {
                        "type": "palladium:ability_unlocked",
                        "ability": "Power_Stone"
                    },
                    {
                        "type": "palladium:ability_enabled",
                        "ability": "suit"
                    }
                ]
            }
        },
       
        "Shrink": {
            "type": "palladium:size",
            "icon": "palladium:textures/icon/size.png",
            "title": "Shrink",
            "bar_color": "red",
            "hidden": true,
            "hidden_in_bar": false,
            "list_index": 10,
            "gui_position": "null",
            "description": "null",
            "scale": 0.1,
            "conditions": {
                
                "enabling": [
                    {
                        "type": "palladium:toggle",
                        "cooldown": 0,
                        "key_type": "key_bind",
                        "needs_empty_hand": false,
                        "allow_scrolling_when_crouching": true
                    }
                ],
                "unlocking": [
                    {
                        "type": "palladium:ability_unlocked",
                        "ability": "Reality_Stone"
                    },
                    {
                        "type": "palladium:ability_enabled",
                        "ability": "suit"
                    }
                ]
            }
        },
        "Grow": {
            "type": "palladium:size",
            "icon": "palladium:textures/icon/size.png",
            "title": "Grow",
            "bar_color": "red",
            "hidden": true,
            "hidden_in_bar": false,
            "list_index": 11,
            "gui_position": "null",
            "description": "null",
            "scale": 10,
            "conditions": {
                
                "enabling": [
                    {
                        "type": "palladium:toggle",
                        "cooldown": 0,
                        "key_type": "key_bind",
                        "needs_empty_hand": false,
                        "allow_scrolling_when_crouching": true
                    }
                ],
                "unlocking": [
                    {
                        "type": "palladium:ability_unlocked",
                        "ability": "Reality_Stone"
                    },
                    {
                        "type": "palladium:ability_enabled",
                        "ability": "suit"
                    }
                ]
            }
        },
       "Invisibility": {
            "type": "palladium:invisibility",
            "icon": "palladium:textures/icon/invisibility.png",
            "title": "Invisibility",
            "bar_color": "red",
            "hidden": true,
            "hidden_in_bar": false,
            "list_index": 12,
            "gui_position": "null",
            "description": "null",
            "conditions": {
                
                "enabling": [
                    {
                        "type": "palladium:toggle",
                        "cooldown": 0,
                        "key_type": "key_bind",
                        "needs_empty_hand": false,
                        "allow_scrolling_when_crouching": true
                    }
                ],
                "unlocking": [
                    {
                        "type": "palladium:ability_unlocked",
                        "ability": "Reality_Stone"
                    },
                    {
                        "type": "palladium:ability_enabled",
                        "ability": "suit"
                    }
                ]
            }
        },

        "Save Block On": {
            "type": "palladium:command",
            "icon": "infinity:reality_stone",
            "title": "Save Block On",
            "bar_color": "red",
            "hidden": true,
            "hidden_in_bar": false,
            "list_index": 13,
            "gui_position": "null",
            "description": "null",
            "first_tick_commands": [],
            "last_tick_commands": [],
            "commands": [
                "tag @s add reality_copy_on"
            ],
            "conditions": {
                
                "enabling": [
                    {
                        "type": "palladium:action",
                        "cooldown": 0,
                        "key_type": "key_bind",
                        "needs_empty_hand": false,
                        "allow_scrolling_when_crouching": true
                    }
                ],
                "unlocking": [
                    {
                        "type": "palladium:ability_unlocked",
                        "ability": "Reality_Stone"
                    },
                    {
                        "type": "palladium:ability_enabled",
                        "ability": "suit"
                    }
                ]
            }
        },
        "Save Block Off": {
            "type": "palladium:command",
            "icon": "infinity:reality_stone",
            "title": "Save Block Off",
            "bar_color": "red",
            "hidden": true,
            "hidden_in_bar": false,
            "list_index": 14,
            "gui_position": "null",
            "description": "null",
            "first_tick_commands": [],
            "last_tick_commands": [],
            "commands": [
                 "tag @s remove reality_copy_on"
            ],
            "conditions": {
                
                "enabling": [
                    {
                        "type": "palladium:action",
                        "cooldown": 0,
                        "key_type": "key_bind",
                        "needs_empty_hand": false,
                        "allow_scrolling_when_crouching": true
                    }
                ],
                "unlocking": [
                    {
                        "type": "palladium:ability_unlocked",
                        "ability": "Reality_Stone"
                    },
                    {
                        "type": "palladium:ability_enabled",
                        "ability": "suit"
                    }
                ]
            }
        },

"Fast Forward": {
            "type": "palladium:command",
            "icon": "minecraft:clock",
            "title": "Fast Forward",
            "bar_color": "lime",
            "hidden": true,
            "hidden_in_bar": false,
            "list_index": 15,
            "gui_position": "null",
            "description": "null",
            "first_tick_commands": [],
            "last_tick_commands": [],
            "commands": [
                "time add 100"
            ],
            "conditions": {
                
                "enabling": [
                    {
                        "type": "palladium:held",
                        "cooldown": 0,
                        "key_type": "key_bind",
                        "needs_empty_hand": false
                    }
                ],
                "unlocking": [
                    {
                        "type": "palladium:ability_unlocked",
                        "ability": "Time_Stone"
                    },
                    {
                        "type": "palladium:ability_enabled",
                        "ability": "suit"
                    }
                ]
            }
        },
        
        "Stop Time": {
            "type": "palladium:command",
            "icon": "infinity:time_stone",
            "title": "Stop Time",
            "bar_color": "lime",
            "hidden": true,
            "hidden_in_bar": false,
            "list_index": 16,
            "gui_position": "null",
            "description": "null",
            "first_tick_commands": [],
            "last_tick_commands": [],
            "commands": [
                "gamerule doDaylightCycle false"
            ],
            "conditions": {
                
                "enabling": [
                    {
                        "type": "palladium:action",
                        "cooldown": 0,
                        "key_type": "key_bind",
                        "needs_empty_hand": false,
                        "allow_scrolling_when_crouching": true
                    }
                ],
                "unlocking": [
                    {
                        "type": "palladium:ability_unlocked",
                        "ability": "Time_Stone"
                    },
                    {
                        "type": "palladium:ability_enabled",
                        "ability": "suit"
                    }
                ]
            }
        },
        "Start Time": {
            "type": "palladium:command",
            "icon": "infinity:time_stone",
            "title": "Start Time",
            "bar_color": "lime",
            "hidden": true,
            "hidden_in_bar": false,
            "list_index": 17,
            "gui_position": "null",
            "description": "null",
            "first_tick_commands": [],
            "last_tick_commands": [],
            "commands": [
                "gamerule doDaylightCycle true"
            ],
            "conditions": {
                
                "enabling": [
                    {
                        "type": "palladium:action",
                        "cooldown": 0,
                        "key_type": "key_bind",
                        "needs_empty_hand": false,
                        "allow_scrolling_when_crouching": true
                    }
                ],
                "unlocking": [
                    {
                        "type": "palladium:ability_unlocked",
                        "ability": "Time_Stone"
                    },
                    {
                        "type": "palladium:ability_enabled",
                        "ability": "suit"
                    }
                ]
            }
        },

    "flight": {
        "type": "palladium:attribute_modifier",
        "icon": "pht:textures/icon/phantom.png",
        "hidden": true,
        "title": "Flight",
        "bar_color": "yellow",
        "description": "null",
        "attribute": "palladium:flight_speed",
        "amount": 1,
        "operation": 0,
        "uuid": "498be4fb-af04-42f2-8948-e6ccdc0d99e1",
        "conditions": {
            
            "unlocking": [
                    {
                        "type": "palladium:ability_unlocked",
                        "ability": "Mind_Stone"
                    },
                    {
                        "type": "palladium:ability_enabled",
                        "ability": "suit"
                    }
                ]
        }
    },

  
    
    
    "healing": {
        "type": "palladium:healing",
        "icon": "minecraft:apple",
        "title": "null",
        "bar_color": "orange",
        "hidden": true,
        "hidden_in_bar": true,
        "list_index": -1,
        "gui_position": "null",
        "description": "null",
        "frequency": 1,
        "amount": 3,
        "conditions": {
            "unlocking": [
                {
                    "type": "palladium:ability_unlocked",
                    "ability": "Soul_Stone"
                },
                {
                    "type": "palladium:ability_enabled",
                    "ability": "suit"
                }
            ]
        }
    },
    
    "max_health":{
        "type": "palladium:attribute_modifier",
        "icon": "minecraft:iron_chestplate",
        "title": "null",
        "bar_color": "orange",
        "hidden": true,
        "hidden_in_bar": true,
        "list_index": -1,
        "gui_position": "null",
        "description": "null",
        "attribute": "minecraft:generic.max_health",
        "amount": 2147483647,
        "operation": 0,
        "uuid": "498be4fb-af04-42f2-8948-e6ccdc0d99e1",
        "conditions": {
            "unlocking": [
                {
                    "type": "palladium:ability_unlocked",
                    "ability": "Soul_Stone"
                },
                {
                    "type": "palladium:ability_enabled",
                    "ability": "suit"
                }
            ]
        }
    },
   
   
  
    "Remove Power Stone": {
        "type": "palladium:command",
        "icon": "infinity:power_stone",
        "title": "Remove Power Stone",
        "bar_color": "purple",
        "hidden": true,
        "hidden_in_bar": false,
        "list_index": -1,
        "gui_position": "null",
        "description": "Get rid of it!",
        "first_tick_commands": [],
        "last_tick_commands": ["execute as @s run ability lock @s infinity:infinity_gauntlet Power_Stone"],
        "commands": [
            "execute as @s run give @s infinity:power_stone"
        ],
        "conditions": {
            "enabling": [
                {
                    "type": "palladium:action",
                    "cooldown": 0,
                    "key_type": "key_bind",
                    "needs_empty_hand": false,
                    "allow_scrolling_when_crouching": true
                }
            ],
            "unlocking": [
                {
                    "type": "palladium:ability_unlocked",
                    "ability": "Power_Stone"
                },
                {
                    "type": "palladium:ability_enabled",
                    "ability": "suit"
                }
            ]
        }
    },

    "Remove Space Stone": {
        "type": "palladium:command",
        "icon": "infinity:space_stone",
        "title": "Remove Space Stone",
        "bar_color": "blue",
        "hidden": true,
        "hidden_in_bar": false,
        "list_index": -1,
       "gui_position": "null",
        "description": "Get rid of it!",
        "first_tick_commands": [],
        "last_tick_commands": ["execute as @s run ability lock @s infinity:infinity_gauntlet Space_Stone"],
        "commands": [
            "execute as @s run give @s infinity:space_stone"
        ],
        "conditions": {
            "enabling": [
                {
                    "type": "palladium:action",
                    "cooldown": 0,
                    "key_type": "key_bind",
                    "needs_empty_hand": false,
                    "allow_scrolling_when_crouching": true
                }
            ],
            "unlocking": [
                {
                    "type": "palladium:ability_unlocked",
                    "ability": "Space_Stone"
                },
                {
                    "type": "palladium:ability_enabled",
                    "ability": "suit"
                }
            ]
        }
    },

    "Remove Reality Stone": {
        "type": "palladium:command",
        "icon": "infinity:reality_stone",
        "title": "Remove Reality Stone",
        "bar_color": "red",
        "hidden": true,
        "hidden_in_bar": false,
        "list_index": -1,
        "gui_position": "null",
        "description": "Get rid of it!",
        "first_tick_commands": [],
        "last_tick_commands": ["execute as @s run ability lock @s infinity:infinity_gauntlet Reality_Stone"],
        "commands": [
            "execute as @s run give @s infinity:reality_stone"
        ],
        "conditions": {
            "enabling": [
                {
                    "type": "palladium:action",
                    "cooldown": 0,
                    "key_type": "key_bind",
                    "needs_empty_hand": false,
                    "allow_scrolling_when_crouching": true
                }
            ],
            "unlocking": [
                {
                    "type": "palladium:ability_unlocked",
                    "ability": "Reality_Stone"
                },
                {
                    "type": "palladium:ability_enabled",
                    "ability": "suit"
                }
            ]
        }
    },
    "Remove Time Stone": {
        "type": "palladium:command",
        "icon": "infinity:time_stone",
        "title": "Remove Time Stone",
        "bar_color": "lime",
        "hidden": true,
        "hidden_in_bar": false,
        "list_index": -1,
        "gui_position": "null",
        "description": "Get rid of it!",
        "first_tick_commands": [],
        "last_tick_commands": ["execute as @s run ability lock @s infinity:infinity_gauntlet Time_Stone"],
        "commands": [
            "execute as @s run give @s infinity:time_stone"
        ],
        "conditions": {
            "enabling": [
                {
                    "type": "palladium:action",
                    "cooldown": 0,
                    "key_type": "key_bind",
                    "needs_empty_hand": false,
                    "allow_scrolling_when_crouching": true
                }
            ],
            "unlocking": [
                {
                    "type": "palladium:ability_unlocked",
                    "ability": "Time_Stone"
                },
                {
                    "type": "palladium:ability_enabled",
                    "ability": "suit"
                }
            ]
        }
    },
    "Remove Soul Stone": {
        "type": "palladium:command",
        "icon": "infinity:soul_stone",
        "title": "Remove Soul Stone",
        "bar_color": "orange",
        "hidden": true,
        "hidden_in_bar": false,
        "list_index": -1,
        "gui_position": "null",
        "description": "Get rid of it!",
        "first_tick_commands": [],
        "last_tick_commands": ["execute as @s run ability lock @s infinity:infinity_gauntlet Soul_Stone"],
        "commands": [
            "execute as @s run give @s infinity:soul_stone"
        ],
        "conditions": {
            "enabling": [
                {
                    "type": "palladium:action",
                    "cooldown": 0,
                    "key_type": "key_bind",
                    "needs_empty_hand": false,
                    "allow_scrolling_when_crouching": true
                }
            ],
            "unlocking": [
                {
                    "type": "palladium:ability_unlocked",
                    "ability": "Soul_Stone"
                },
                {
                    "type": "palladium:ability_enabled",
                    "ability": "suit"
                }
            ]
        }
    },
    "Remove Mind Stone": {
        "type": "palladium:command",
        "icon": "infinity:mind_stone",
        "title": "Remove Mind Stone",
        "bar_color": "yellow",
        "hidden": true,
        "hidden_in_bar": false,
        "list_index": -1,
        "gui_position":"null",
        "description": "Get rid of it!",
        "first_tick_commands": [],
        "last_tick_commands": ["execute as @s run ability lock @s infinity:infinity_gauntlet Mind_Stone"],
        "commands": [
            "execute as @s run give @s infinity:mind_stone"
        ],
        "conditions": {
            "enabling": [
                {
                    "type": "palladium:action",
                    "cooldown": 0,
                    "key_type": "key_bind",
                    "needs_empty_hand": false,
                    "allow_scrolling_when_crouching": true
                }
            ],
            "unlocking": [
                {
                    "type": "palladium:ability_unlocked",
                    "ability": "Mind_Stone"
                },
                {
                    "type": "palladium:ability_enabled",
                    "ability": "suit"
                }
            ]
        }
    }
     
            
        
    }
}

