{
    "name": "Mind Stone",
    "background": "minecraft:textures/block/yellow_concrete.png",
    "icon": "infinity:mind_stone",
    "gui_display_type": "list",
    "ability_bar_texture": "infinity:textures/gui/ability_bars/infinity_ability_bar.png",
 
    "abilities": {
      
        "flight": {
            "type": "palladium:attribute_modifier",
            "icon": "infinity:mind_stone",
            "title": "Flight",
            "bar_color": "yellow",
            "description": "null",
            "attribute": "palladium:flight_speed",
            "amount": 1,
            "operation": 0,
            "uuid": "498be4fb-af04-42f2-8948-e6ccdc0d99e1",
            "conditions": {
                
                
                "unlocking": [
                    {
                        "type": "palladium:or",
                        "conditions": [
                            {
                                "type": "palladium:has_power",
                                "power": "infinity:infinity_gauntlet"
                            },
                            {
                                "type": "palladium:has_power",
                                "power": "infinity:nano_gauntlet"
                            },
                            {
                                "type": "palladium:has_power",
                                "power": "infinity:cosmi-rod"
                            },   
                            {
                                "type": "palladium:has_power",
                                "power": "infinity:infinity_ultron_container"
                            },    
                            {
                                "type": "palladium:has_power",
                                "power": "infinity:infinity_panther_necklace"
                            },                    
                            {
                                "type": "palladium:item_in_slot",
                                "item": {
                                    "item": "infinity:scepter"
                                },
                                "slot": "mainhand"
                            },
                            {
                                "type": "palladium:item_in_slot",
                                "item": {
                                    "item": "infinity:scepter"
                                },
                                "slot": "offhand"
                            },
                            {
                                "type": "palladium:item_in_slot",
                                "item": {
                                    "item": "infinity:mind_stone"
                                },
                                "slot": "mainhand"
                            },
                            {
                                "type": "palladium:item_in_slot",
                                "item": {
                                    "item": "infinity:mind_stone"
                                },
                                "slot": "offhand"
                            }
                            
                        ]
                    }
                ]
            }
        },

        "Grab Entity": {
            "type": "palladium:command",
            "icon": "infinity:space_stone",
            "title": "Grab Entity",
            "bar_color": "light_blue",
            "hidden": false,
            "hidden_in_bar": false,
            "list_index": 0,
            "gui_position": "null",
            "description": "null",
            "first_tick_commands": [],
            "last_tick_commands": [],
            "commands": [
                "execute as @s run execute at @s run tp @e[type=!player,type=!item,distance=..7] ^ ^1 ^5"
            ],
            "conditions": {
                
                "enabling": [
                    {
                        "type": "palladium:toggle",
                        "cooldown": 0,
                        "key_type": "key_bind",
                        "needs_empty_hand": false,
                        "allow_scrolling_when_crouching": true
                    }
                ],
                "unlocking": [
                    {
                        "type": "palladium:or",
                        "conditions": [
                            {
                                "type": "palladium:has_power",
                                "power": "infinity:infinity_gauntlet"
                            },
                            {
                                "type": "palladium:has_power",
                                "power": "infinity:nano_gauntlet"
                            },
                            {
                                "type": "palladium:has_power",
                                "power": "infinity:cosmi-rod"
                            },   
                            {
                                "type": "palladium:has_power",
                                "power": "infinity:infinity_ultron_container"
                            },    
                            {
                                "type": "palladium:has_power",
                                "power": "infinity:infinity_panther_necklace"
                            },                    
                            {
                                "type": "palladium:item_in_slot",
                                "item": {
                                    "item": "infinity:scepter"
                                },
                                "slot": "mainhand"
                            },
                            {
                                "type": "palladium:item_in_slot",
                                "item": {
                                    "item": "infinity:scepter"
                                },
                                "slot": "offhand"
                            },
                            {
                                "type": "palladium:item_in_slot",
                                "item": {
                                    "item": "infinity:mind_stone"
                                },
                                "slot": "mainhand"
                            },
                            {
                                "type": "palladium:item_in_slot",
                                "item": {
                                    "item": "infinity:mind_stone"
                                },
                                "slot": "offhand"
                            }
                            
                        ]
                    }
                ]
            }
            
        }
       

       
    }
}