{
    "name": "Mind Stone",
    "background": "minecraft:textures/block/yellow_concrete.png",
    "icon": "infinity:mind_stone",
    "gui_display_type": "list",
    "ability_bar_texture": "infinity:textures/gui/ability_bars/infinity_ability_bar.png",
 
    "abilities": {
"phasing": {
  "type": "palladium:intangibility",
  "icon": "infinity:mind_stone",
  "title": "Phasing",
  "bar_color": "yellow",
  "description": "Phase through blocks!",
  "hidden": false,
  "hidden_in_bar": false,
  "list_index": 0,
  "vertical": false,
  "blacklist": "palladium:prevents_intangibility",
  "conditions": {
    "enabling": [
      {
        "type": "palladium:held"
      }
    ]
  }
},
"phasing2": {
  "type": "palladium:intangibility",
  "icon": "infinity:mind_stone",
  "title": "Phasing",
  "bar_color": "yellow",
  "hidden": true,
  "hidden_in_bar": true,
  "list_index": 0,
  "vertical": true,
  "blacklist": "palladium:prevents_intangibility",
  "conditions": {
    "enabling": [
      {
        "type": "palladium:ability_enabled",
        "ability": "phasing"
      }
    ],
    "unlocking": [
      {
        "type": "palladium:pose",
        "pose": "crouching"
    }
    ]
  }
},      
        "flight": {
            "type": "palladium:attribute_modifier",
            "icon": "infinity:mind_stone",
            "title": "Flight",
            "bar_color": "yellow",
            "description": "null",
            "attribute": "palladium:flight_speed",
            "amount": 1,
            "operation": 0,
            "uuid": "498be4fb-af04-42f2-8948-e6ccdc0d99e1"
        },

        "Grab Entity": {
          "type": "palladium:command",
          "icon": "infinity:space_stone",
          "title": "Grab Entity",
          "bar_color": "light_blue",
          "hidden": false,
          "hidden_in_bar": false,
          "list_index": 1,
          "gui_position": "null",
          "description": "null",
          "first_tick_commands": [],
          "last_tick_commands": [],
          "commands": [
              "execute as @s run execute at @s run tp @e[type=!player,type=!item,distance=..7] ^ ^1 ^5"
          ],
          "conditions": {
              
              "enabling": [
                  {
                      "type": "palladium:toggle",
                      "cooldown": 0,
                      "key_type": "key_bind",
                      "needs_empty_hand": false,
                      "allow_scrolling_when_crouching": true
                  }
              ]
          }
          
      },
"Shockwave": {
            "type": "palladium:command",
            "icon": "infinity:textures/icon/cosmi_rod.png",
            "title": "Shockwave",
            "bar_color": "yellow",
            "hidden": false,
            "hidden_in_bar": false,
            "list_index": 5,
            "gui_position": "null",
            "description": "null",
            "first_tick_commands": [],
            "last_tick_commands": [],
            "commands": [
                "learnSpell learn sonic_boom",
                "cast @s sonic_boom 3"
            ],
            "conditions": {
                
                "enabling": [
                    {
                        "type": "palladium:action",
                        "cooldown": 0,
                        "key_type": "key_bind",
                        "needs_empty_hand": false,
                        "allow_scrolling_when_crouching": true
                    }
                ]
            }
        },
        "Remove Reality Stone": {
            "type": "palladium:command",
            "icon": "infinity:mind_stone",
            "title": "Remove Mind Stone",
            "bar_color": "yellow",
            "hidden": true,
            "hidden_in_bar": false,
            "list_index": 6,
            "gui_position": "null",
            "description": "Get rid of it!",
            "first_tick_commands": [],
            "last_tick_commands": ["execute as @s run ability lock @s infinity:infinity_gauntlet Power_Stone"],
            "commands": [
                "execute as @s run give @s infinity:mind_stone", "execute as @s run give @s infinity:cosmi-rod", "execute as @s run clear @s infinity:cosmi-rod_with_mind_stone"
            ],
            "conditions": {
                "enabling": [
                    {
                        "type": "palladium:action",
                        "cooldown": 0,
                        "key_type": "key_bind",
                        "needs_empty_hand": false,
                        "allow_scrolling_when_crouching": true
                    }
                ]
            }
        }
    }
}