{
    "name": "The OP Stone Activatinator",
    "background": "minecraft:textures/block/light_blue_concrete.png",
    "icon": "infinity:op_stoner",
    "gui_display_type": "list",
    "ability_bar_texture": "infinity:textures/gui/ability_bars/infinity_ability_bar.png",
 
    "abilities": {
      
        "stone_on": {
            "type": "palladium:command",
            "icon": "infinity:textures/item/op_stoner.png",
            "title": "On",
            "bar_color": "lime",
            "hidden": false,
            "hidden_in_bar": false,
            "list_index": 0,
            "gui_position": "null",
            "description": "null",
            "first_tick_commands": [],
            "last_tick_commands": [],
            "commands": [
                "tag @s add op_stone"
            ],
            "conditions": {
                
                "enabling": [
                    {
                        "type": "palladium:action",
                        "cooldown": 0,
                        "key_type": "key_bind",
                        "needs_empty_hand": false,
                        "allow_scrolling_when_crouching": true
                    }
                ]
            }
        },
        "stone_off": {
            "type": "palladium:command",
            "icon": "minecraft:barrier",
            "title": "On",
            "bar_color": "red",
            "hidden": false,
            "hidden_in_bar": false,
            "list_index": 1,
            "gui_position": "null",
            "description": "null",
            "first_tick_commands": [],
            "last_tick_commands": [],
            "commands": [
                "tag @s remove op_stone"
            ],
            "conditions": {
                
                "enabling": [
                    {
                        "type": "palladium:action",
                        "cooldown": 0,
                        "key_type": "key_bind",
                        "needs_empty_hand": false,
                        "allow_scrolling_when_crouching": true
                    }
                ]
            }
        }
        
       

       
    }
}