{
    "name": "Power Stone",
    "background": "minecraft:textures/block/purple_concrete.png",
    "icon": "infinity:power_stone",
    "gui_display_type": "list",
    "ability_bar_texture": "infinity:textures/gui/ability_bars/infinity_ability_bar.png",
 
    "abilities": {
      
        "Energy Blast": {
            "type": "palladium:command",
            "icon": "infinity:textures/icon/energy_blast.png",
            "title": "Energy Blast",
            "bar_color": "purple",
            "hidden": false,
            "hidden_in_bar": false,
            "list_index": 0,
            "gui_position": "null",
            "description": "null",
            "first_tick_commands": [],
            "last_tick_commands": [],
            "commands": [
                "learnSpell learn magic_missile",
                "cast @s magic_missile 10"
            ],
            "conditions": {
                
                "enabling": [
                    {
                        "type": "palladium:action",
                        "cooldown": 0,
                        "key_type": "key_bind",
                        "needs_empty_hand": false,
                        "allow_scrolling_when_crouching": true
                    }
                ]
            }
        },
      
        "Power Blast": {
            "type": "palladium:energy_beam",
            "icon": "infinity:textures/icon/power_blast.png",
            "title": "Power Blast",
            "bar_color": "purple",
            "hidden": false,
            "hidden_in_bar": false,
            "list_index": -1,
            "gui_position": "null",
            "description": "null",
            "energy_beam": "infinity:power_stone_beam",
            "damage": 2147483647,
            "max_distance": 50,
            "speed": 0.5,
            "set_on_fire_seconds": 1,
            "cause_fire": false,
            "smelt_blocks": false,
            "conditions": {
               
                "enabling": [
                    {
                        "type": "palladium:ability_enabled",
                        "ability": "aim"
                    }
                ]
            }
            
        },
        "aim": {
            "type": "palladium:aim",
            "icon": "infinity:textures/icon/power_blast.png",
            "title": "Power Blast",
            "bar_color": "purple",
            "hidden": true,
            "hidden_in_bar": false,
            "list_index": 1,
            "gui_position": "null",
            "description": "null",
            "time": 1,
            "arm": "main_arm",
            "conditions": {
                
                "enabling": [
                    {
                        "type": "palladium:held",
                        "cooldown": 0
                    }
                ]
            }
        },
        "Impower": {
            "type": "palladium:command",
            "icon": "infinity:textures/icon/impower.png",
            "title": "Impower",
            "bar_color": "purple",
            "hidden": false,
            "hidden_in_bar": false,
            "list_index": 2,
            "gui_position": "null",
            "description": "null",
            "first_tick_commands": [],
            "last_tick_commands": [],
            "commands": [
                "learnSpell learn fortify",
                "cast @s fortify 10"
            ],
            "conditions": {
                
                "enabling": [
                    {
                        "type": "palladium:action",
                        "cooldown": 0,
                        "key_type": "key_bind",
                        "needs_empty_hand": false,
                        "allow_scrolling_when_crouching": true
                    }
                ]
            }
        },
        "Rocket Burst": {
            "type": "palladium:command",
            "icon": "infinity:textures/icon/rocket_burst.png",
            "title": "Rocket Burst",
            "bar_color": "purple",
            "hidden": false,
            "hidden_in_bar": false,
            "list_index": 3,
            "gui_position": "null",
            "description": "null",
            "first_tick_commands": [],
            "last_tick_commands": [],
            "commands": [
                "learnSpell learn starfall",
                "cast @s starfall 10"
            ],
            "conditions": {
                
                "enabling": [
                    {
                        "type": "palladium:action",
                        "cooldown": 0,
                        "key_type": "key_bind",
                        "needs_empty_hand": false,
                        "allow_scrolling_when_crouching": true
                    }
                ]
            }
        },
        "Open Hand": {
            "type": "palladium:command",
            "icon": "infinity:textures/icon/open_hand.png",
            "title": "Open Hand",
            "bar_color": "purple",
            "hidden": false,
            "hidden_in_bar": false,
            "list_index": 4,
            "gui_position": "null",
            "description": "null",
            "first_tick_commands": [],
            "last_tick_commands": [],
            "commands": [
                "learnSpell learn sculk_tentacles",
                "cast Pugmeowla sculk_tentacles 4"
            ],
            "conditions": {
                
                "enabling": [
                    {
                        "type": "palladium:action",
                        "cooldown": 0,
                        "key_type": "key_bind",
                        "needs_empty_hand": false,
                        "allow_scrolling_when_crouching": true
                    }
                ]
            }
        },
        "punch": {
            "type": "palladium:attribute_modifier",
            "icon": "infinity:power_stone",
            "title": "Punch Damage",
            "bar_color": "purple",
            "hidden": false,
            "hidden_in_bar": true,
            "list_index": -1,
            "gui_position": "null",
            "description": "null",
            "attribute": "palladium:punch_damage",
            "amount": 2147483647,
            "operation": 0,
            "uuid": "498be4fb-af04-42f2-8948-e6ccdc0d99e1"
        },
"Shockwave": {
            "type": "palladium:command",
            "icon": "infinity:textures/icon/cosmi_rod.png",
            "title": "Shockwave",
            "bar_color": "purple",
            "hidden": false,
            "hidden_in_bar": false,
            "list_index": 5,
            "gui_position": "null",
            "description": "null",
            "first_tick_commands": [],
            "last_tick_commands": [],
            "commands": [
                "learnSpell learn sonic_boom",
                "cast @s sonic_boom 3"
            ],
            "conditions": {
                
                "enabling": [
                    {
                        "type": "palladium:action",
                        "cooldown": 0,
                        "key_type": "key_bind",
                        "needs_empty_hand": false,
                        "allow_scrolling_when_crouching": true
                    }
                ]
            }
        },
        "Remove Power Stone": {
            "type": "palladium:command",
            "icon": "infinity:power_stone",
            "title": "Remove Power Stone",
            "bar_color": "purple",
            "hidden": true,
            "hidden_in_bar": false,
            "list_index": 6,
            "gui_position": "null",
            "description": "Get rid of it!",
            "first_tick_commands": [],
            "last_tick_commands": ["execute as @s run ability lock @s infinity:infinity_gauntlet Power_Stone"],
            "commands": [
                "execute as @s run give @s infinity:power_stone", "execute as @s run give @s infinity:cosmi-rod", "execute as @s run clear @s infinity:cosmi-rod_with_power_stone"
            ],
            "conditions": {
                "enabling": [
                    {
                        "type": "palladium:action",
                        "cooldown": 0,
                        "key_type": "key_bind",
                        "needs_empty_hand": false,
                        "allow_scrolling_when_crouching": true
                    }
                ]
            }
    }
  }
}