{
    "name": "Power Stone",
    "background": "minecraft:textures/block/red_concrete.png",
    "icon": "infinity:reality_stone",
    "gui_display_type": "list",
    "ability_bar_texture": "infinity:textures/gui/ability_bars/infinity_ability_bar.png",
 
    "abilities": {
      
        "Shrink": {
            "type": "palladium:size",
            "icon": "palladium:textures/icon/size.png",
            "title": "Shrink",
            "bar_color": "red",
            "hidden": false,
            "hidden_in_bar": false,
            "list_index": 0,
            "gui_position": "null",
            "description": "null",
            "scale": 0.1,
            "conditions": {
                
                "enabling": [
                    {
                        "type": "palladium:toggle",
                        "cooldown": 0,
                        "key_type": "key_bind",
                        "needs_empty_hand": false,
                        "allow_scrolling_when_crouching": true
                    }
                ],
                "unlocking": [
                    {
                        "type": "palladium:or",
                        "conditions": [
                            {
                                "type": "palladium:has_power",
                                "power": "infinity:infinity_gauntlet"
                            },
                            {
                                "type": "palladium:has_power",
                                "power": "infinity:nano_gauntlet"
                            },
                            {
                                "type": "palladium:has_power",
                                "power": "infinity:cosmi-rod"
                            },   
                            {
                                "type": "palladium:has_power",
                                "power": "infinity:infinity_ultron_container"
                            },    
                            {
                                "type": "palladium:has_power",
                                "power": "infinity:infinity_panther_necklace"
                            },                    
                            {
                                "type": "palladium:item_in_slot",
                                "item": {
                                    "item": "infinity:aether"
                                },
                                "slot": "mainhand"
                            },
                            {
                                "type": "palladium:item_in_slot",
                                "item": {
                                    "item": "infinity:aether"
                                },
                                "slot": "offhand"
                            },
                            {
                                "type": "palladium:item_in_slot",
                                "item": {
                                    "item": "infinity:reality_stone"
                                },
                                "slot": "mainhand"
                            },
                            {
                                "type": "palladium:item_in_slot",
                                "item": {
                                    "item": "infinity:reality_stone"
                                },
                                "slot": "offhand"
                            }
                            
                        ]
                    }
                ]
            }
        },
        "Grow": {
            "type": "palladium:size",
            "icon": "palladium:textures/icon/size.png",
            "title": "Grow",
            "bar_color": "red",
            "hidden": false,
            "hidden_in_bar": false,
            "list_index": 1,
            "gui_position": "null",
            "description": "null",
            "scale": 10,
            "conditions": {
                
                "enabling": [
                    {
                        "type": "palladium:toggle",
                        "cooldown": 0,
                        "key_type": "key_bind",
                        "needs_empty_hand": false,
                        "allow_scrolling_when_crouching": true
                    }
                ],
                "unlocking": [
                    {
                        "type": "palladium:or",
                        "conditions": [
                            {
                                "type": "palladium:has_power",
                                "power": "infinity:infinity_gauntlet"
                            },
                            {
                                "type": "palladium:has_power",
                                "power": "infinity:nano_gauntlet"
                            },
                            {
                                "type": "palladium:has_power",
                                "power": "infinity:cosmi-rod"
                            },   
                            {
                                "type": "palladium:has_power",
                                "power": "infinity:infinity_ultron_container"
                            },    
                            {
                                "type": "palladium:has_power",
                                "power": "infinity:infinity_panther_necklace"
                            },                    
                            {
                                "type": "palladium:item_in_slot",
                                "item": {
                                    "item": "infinity:aether"
                                },
                                "slot": "mainhand"
                            },
                            {
                                "type": "palladium:item_in_slot",
                                "item": {
                                    "item": "infinity:aether"
                                },
                                "slot": "offhand"
                            },
                            {
                                "type": "palladium:item_in_slot",
                                "item": {
                                    "item": "infinity:reality_stone"
                                },
                                "slot": "mainhand"
                            },
                            {
                                "type": "palladium:item_in_slot",
                                "item": {
                                    "item": "infinity:reality_stone"
                                },
                                "slot": "offhand"
                            }
                            
                        ]
                    }
                ]
            }
        },
       "Invisibility": {
            "type": "palladium:invisibility",
            "icon": "palladium:textures/icon/invisibility.png",
            "title": "Invisibility",
            "bar_color": "red",
            "hidden": false,
            "hidden_in_bar": false,
            "list_index": 2,
            "gui_position": "null",
            "description": "null",
            "conditions": {
                
                "enabling": [
                    {
                        "type": "palladium:toggle",
                        "cooldown": 0,
                        "key_type": "key_bind",
                        "needs_empty_hand": false,
                        "allow_scrolling_when_crouching": true
                    }
                ],
                "unlocking": [
                    {
                        "type": "palladium:or",
                        "conditions": [
                            {
                                "type": "palladium:has_power",
                                "power": "infinity:infinity_gauntlet"
                            },
                            {
                                "type": "palladium:has_power",
                                "power": "infinity:nano_gauntlet"
                            },
                            {
                                "type": "palladium:has_power",
                                "power": "infinity:cosmi-rod"
                            },   
                            {
                                "type": "palladium:has_power",
                                "power": "infinity:infinity_ultron_container"
                            },    
                            {
                                "type": "palladium:has_power",
                                "power": "infinity:infinity_panther_necklace"
                            },                    
                            {
                                "type": "palladium:item_in_slot",
                                "item": {
                                    "item": "infinity:aether"
                                },
                                "slot": "mainhand"
                            },
                            {
                                "type": "palladium:item_in_slot",
                                "item": {
                                    "item": "infinity:aether"
                                },
                                "slot": "offhand"
                            },
                            {
                                "type": "palladium:item_in_slot",
                                "item": {
                                    "item": "infinity:reality_stone"
                                },
                                "slot": "mainhand"
                            },
                            {
                                "type": "palladium:item_in_slot",
                                "item": {
                                    "item": "infinity:reality_stone"
                                },
                                "slot": "offhand"
                            }
                            
                        ]
                    }
                ]
            }
        },

        "Save Block On": {
            "type": "palladium:command",
            "icon": "infinity:reality_stone",
            "title": "Save Block On",
            "bar_color": "red",
            "hidden": false,
            "hidden_in_bar": false,
            "list_index": 3,
            "gui_position": "null",
            "description": "null",
            "first_tick_commands": [],
            "last_tick_commands": [],
            "commands": [
                "tag @s add reality_copy_on"
            ],
            "conditions": {
                
                "enabling": [
                    {
                        "type": "palladium:action",
                        "cooldown": 0,
                        "key_type": "key_bind",
                        "needs_empty_hand": false,
                        "allow_scrolling_when_crouching": true
                    }
                ],
                "unlocking": [
                    {
                        "type": "palladium:or",
                        "conditions": [
                            {
                                "type": "palladium:has_power",
                                "power": "infinity:infinity_gauntlet"
                            },
                            {
                                "type": "palladium:has_power",
                                "power": "infinity:nano_gauntlet"
                            },
                            {
                                "type": "palladium:has_power",
                                "power": "infinity:cosmi-rod"
                            },   
                            {
                                "type": "palladium:has_power",
                                "power": "infinity:infinity_ultron_container"
                            },    
                            {
                                "type": "palladium:has_power",
                                "power": "infinity:infinity_panther_necklace"
                            },                    
                            {
                                "type": "palladium:item_in_slot",
                                "item": {
                                    "item": "infinity:aether"
                                },
                                "slot": "mainhand"
                            },
                            {
                                "type": "palladium:item_in_slot",
                                "item": {
                                    "item": "infinity:aether"
                                },
                                "slot": "offhand"
                            },
                            {
                                "type": "palladium:item_in_slot",
                                "item": {
                                    "item": "infinity:reality_stone"
                                },
                                "slot": "mainhand"
                            },
                            {
                                "type": "palladium:item_in_slot",
                                "item": {
                                    "item": "infinity:reality_stone"
                                },
                                "slot": "offhand"
                            }
                            
                        ]
                    }
                ]
            }
        },
        "Save Block Off": {
            "type": "palladium:command",
            "icon": "infinity:reality_stone",
            "title": "Save Block Off",
            "bar_color": "red",
            "hidden": false,
            "hidden_in_bar": false,
            "list_index": 4,
            "gui_position": "null",
            "description": "null",
            "first_tick_commands": [],
            "last_tick_commands": [],
            "commands": [
                 "tag @s remove reality_copy_on"
            ],
            "conditions": {
                
                "enabling": [
                    {
                        "type": "palladium:action",
                        "cooldown": 0,
                        "key_type": "key_bind",
                        "needs_empty_hand": false,
                        "allow_scrolling_when_crouching": true
                    }
                ],
                "unlocking": [
                    {
                        "type": "palladium:or",
                        "conditions": [
                            {
                                "type": "palladium:has_power",
                                "power": "infinity:infinity_gauntlet"
                            },
                            {
                                "type": "palladium:has_power",
                                "power": "infinity:nano_gauntlet"
                            },
                            {
                                "type": "palladium:has_power",
                                "power": "infinity:cosmi-rod"
                            },   
                            {
                                "type": "palladium:has_power",
                                "power": "infinity:infinity_ultron_container"
                            },    
                            {
                                "type": "palladium:has_power",
                                "power": "infinity:infinity_panther_necklace"
                            },                    
                            {
                                "type": "palladium:item_in_slot",
                                "item": {
                                    "item": "infinity:reality_stone"
                                },
                                "slot": "mainhand"
                            },
                            {
                                "type": "palladium:item_in_slot",
                                "item": {
                                    "item": "infinity:reality_stone"
                                },
                                "slot": "offhand"
                            }
                            
                        ]
                    }
                ]
            }
        }
        
       
       

       
    }
}