{
    "name": "Reality Stone",
    "background": "minecraft:textures/block/red_concrete.png",
    "icon": "infinity:reality_stone",
    "gui_display_type": "list",
    "ability_bar_texture": "infinity:textures/gui/ability_bars/infinity_ability_bar.png",
 
    "abilities": {
      
        "Shrink": {
            "type": "palladium:size",
            "icon": "palladium:textures/icon/size.png",
            "title": "Shrink",
            "bar_color": "red",
            "hidden": false,
            "hidden_in_bar": false,
            "list_index": 0,
            "gui_position": "null",
            "description": "null",
            "scale": 0.1,
            "conditions": {
                
                "enabling": [
                    {
                        "type": "palladium:toggle",
                        "cooldown": 0,
                        "key_type": "key_bind",
                        "needs_empty_hand": false,
                        "allow_scrolling_when_crouching": true
                    }
                ]
            }
        },
        "Grow": {
            "type": "palladium:size",
            "icon": "palladium:textures/icon/size.png",
            "title": "Grow",
            "bar_color": "red",
            "hidden": false,
            "hidden_in_bar": false,
            "list_index": 1,
            "gui_position": "null",
            "description": "null",
            "scale": 10,
            "conditions": {
                
                "enabling": [
                    {
                        "type": "palladium:toggle",
                        "cooldown": 0,
                        "key_type": "key_bind",
                        "needs_empty_hand": false,
                        "allow_scrolling_when_crouching": true
                    }
                ]
            }
        },
       "Invisibility": {
            "type": "palladium:invisibility",
            "icon": "palladium:textures/icon/invisibility.png",
            "title": "Invisibility",
            "bar_color": "red",
            "hidden": false,
            "hidden_in_bar": false,
            "list_index": 2,
            "gui_position": "null",
            "description": "null",
            "conditions": {
                
                "enabling": [
                    {
                        "type": "palladium:toggle",
                        "cooldown": 0,
                        "key_type": "key_bind",
                        "needs_empty_hand": false,
                        "allow_scrolling_when_crouching": true
                    }
                ]
            }
        },

        "Save Block On": {
            "type": "palladium:command",
            "icon": "infinity:reality_stone",
            "title": "Save Block On",
            "bar_color": "red",
            "hidden": false,
            "hidden_in_bar": false,
            "list_index": 3,
            "gui_position": "null",
            "description": "null",
            "first_tick_commands": [],
            "last_tick_commands": [],
            "commands": [
                "tag @s add reality_copy_on"
            ],
            "conditions": {
                
                "enabling": [
                    {
                        "type": "palladium:action",
                        "cooldown": 0,
                        "key_type": "key_bind",
                        "needs_empty_hand": false,
                        "allow_scrolling_when_crouching": true
                    }
                ]
            }
        },
        "Save Block Off": {
            "type": "palladium:command",
            "icon": "infinity:reality_stone",
            "title": "Save Block Off",
            "bar_color": "red",
            "hidden": false,
            "hidden_in_bar": false,
            "list_index": 4,
            "gui_position": "null",
            "description": "null",
            "first_tick_commands": [],
            "last_tick_commands": [],
            "commands": [
                 "tag @s remove reality_copy_on"
            ],
            "conditions": {
                
                "enabling": [
                    {
                        "type": "palladium:action",
                        "cooldown": 0,
                        "key_type": "key_bind",
                        "needs_empty_hand": false,
                        "allow_scrolling_when_crouching": true
                    }
                ]
            }
        },
"Shockwave": {
            "type": "palladium:command",
            "icon": "infinity:textures/icon/cosmi_rod.png",
            "title": "Shockwave",
            "bar_color": "red",
            "hidden": false,
            "hidden_in_bar": false,
            "list_index": 5,
            "gui_position": "null",
            "description": "null",
            "first_tick_commands": [],
            "last_tick_commands": [],
            "commands": [
                "learnSpell learn sonic_boom",
                "cast @s sonic_boom 3"
            ],
            "conditions": {
                
                "enabling": [
                    {
                        "type": "palladium:action",
                        "cooldown": 0,
                        "key_type": "key_bind",
                        "needs_empty_hand": false,
                        "allow_scrolling_when_crouching": true
                    }
                ]
            }
        },
        "Remove Reality Stone": {
            "type": "palladium:command",
            "icon": "infinity:reality_stone",
            "title": "Remove Reality Stone",
            "bar_color": "red",
            "hidden": true,
            "hidden_in_bar": false,
            "list_index": 6,
            "gui_position": "null",
            "description": "Get rid of it!",
            "first_tick_commands": [],
            "last_tick_commands": ["execute as @s run ability lock @s infinity:infinity_gauntlet Power_Stone"],
            "commands": [
                "execute as @s run give @s infinity:reality_stone", "execute as @s run give @s infinity:cosmi-rod", "execute as @s run clear @s infinity:cosmi-rod_with_reality_stone"
            ],
            "conditions": {
                "enabling": [
                    {
                        "type": "palladium:action",
                        "cooldown": 0,
                        "key_type": "key_bind",
                        "needs_empty_hand": false,
                        "allow_scrolling_when_crouching": true
                    }
                ]
            }
        }        
       
       

       
    }
}