{
    "name": "Soul Stone",
    "background": "minecraft:textures/block/orange_concrete.png",
    "icon": "infinity:soul_stone",
    "gui_display_type": "list",
    "ability_bar_texture": "infinity:textures/gui/ability_bars/infinity_ability_bar.png",
 
    "abilities": {
      
        "healing": {
            "type": "palladium:healing",
            "icon": "infinity:soul_stone",
            "title": "Healing",
            "bar_color": "orange",
            "hidden": true,
            "hidden_in_bar": true,
            "list_index": -1,
            "gui_position": "null",
            "description": "null",
            "frequency": 1,
            "amount": 3
        },
        
        "max_health":{
            "type": "palladium:attribute_modifier",
            "icon": "minecraft:iron_chestplate",
            "title": "Max Health",
            "bar_color": "orange",
            "hidden": true,
            "hidden_in_bar": true,
            "list_index": -1,
            "gui_position": "null",
            "description": "null",
            "attribute": "minecraft:generic.max_health",
            "amount": 2147483647,
            "operation": 0,
            "uuid": "498be4fb-af04-42f2-8948-e6ccdc0d99e1"
        },
"Shockwave": {
            "type": "palladium:command",
            "icon": "infinity:textures/icon/cosmi_rod.png",
            "title": "Shockwave",
            "bar_color": "orange",
            "hidden": false,
            "hidden_in_bar": false,
            "list_index": 5,
            "gui_position": "null",
            "description": "null",
            "first_tick_commands": [],
            "last_tick_commands": [],
            "commands": [
                "learnSpell learn sonic_boom",
                "cast @s sonic_boom 3"
            ],
            "conditions": {
                
                "enabling": [
                    {
                        "type": "palladium:action",
                        "cooldown": 0,
                        "key_type": "key_bind",
                        "needs_empty_hand": false,
                        "allow_scrolling_when_crouching": true
                    }
                ]
            }
        },
        "Remove Soul Stone": {
            "type": "palladium:command",
            "icon": "infinity:soul_stone",
            "title": "Remove Soul Stone",
            "bar_color": "orange",
            "hidden": true,
            "hidden_in_bar": false,
            "list_index": 6,
            "gui_position": "null",
            "description": "Get rid of it!",
            "first_tick_commands": [],
            "last_tick_commands": ["execute as @s run ability lock @s infinity:infinity_gauntlet Power_Stone"],
            "commands": [
                "execute as @s run give @s infinity:soul_stone", "execute as @s run give @s infinity:cosmi-rod", "execute as @s run clear @s infinity:cosmi-rod_with_soul_stone"
            ],
            "conditions": {
                "enabling": [
                    {
                        "type": "palladium:action",
                        "cooldown": 0,
                        "key_type": "key_bind",
                        "needs_empty_hand": false,
                        "allow_scrolling_when_crouching": true
                    }
                ]
            }
        } 
       

       
    }
}