{
    "name": "Power Stone",
    "background": "minecraft:textures/block/orange_concrete.png",
    "icon": "infinity:soul_stone",
    "gui_display_type": "list",
    "ability_bar_texture": "infinity:textures/gui/ability_bars/infinity_ability_bar.png",
 
    "abilities": {
      
        "healing": {
            "type": "palladium:healing",
            "icon": "infinity:soul_stone",
            "title": "Healing",
            "bar_color": "orange",
            "hidden": true,
            "hidden_in_bar": true,
            "list_index": -1,
            "gui_position": "null",
            "description": "null",
            "frequency": 1,
            "amount": 3,
            "conditions": {
                
               
                "unlocking": [
                    {
                        "type": "palladium:or",
                        "conditions": [
                            {
                                "type": "palladium:has_power",
                                "power": "infinity:infinity_gauntlet"
                            },
                            {
                                "type": "palladium:has_power",
                                "power": "infinity:nano_gauntlet"
                            },
                            {
                                "type": "palladium:has_power",
                                "power": "infinity:cosmi-rod"
                            },   
                            {
                                "type": "palladium:has_power",
                                "power": "infinity:infinity_ultron_container"
                            },    
                            {
                                "type": "palladium:has_power",
                                "power": "infinity:infinity_panther_necklace"
                            },                    
                            {
                                "type": "palladium:item_in_slot",
                                "item": {
                                    "item": "infinity:soul_stone"
                                },
                                "slot": "mainhand"
                            },
                            {
                                "type": "palladium:item_in_slot",
                                "item": {
                                    "item": "infinity:soul_stone"
                                },
                                "slot": "offhand"
                            }
                            
                        ]
                    }
                ]
            }
        },
        
        "max_health":{
            "type": "palladium:attribute_modifier",
            "icon": "minecraft:iron_chestplate",
            "title": "Max Health",
            "bar_color": "orange",
            "hidden": true,
            "hidden_in_bar": true,
            "list_index": -1,
            "gui_position": "null",
            "description": "null",
            "attribute": "minecraft:generic.max_health",
            "amount": 2147483647,
            "operation": 0,
            "uuid": "498be4fb-af04-42f2-8948-e6ccdc0d99e1",
            "conditions": {
                
               
                "unlocking": [
                    {
                        "type": "palladium:or",
                        "conditions": [
                            {
                                "type": "palladium:has_power",
                                "power": "infinity:infinity_gauntlet"
                            },
                            {
                                "type": "palladium:has_power",
                                "power": "infinity:nano_gauntlet"
                            },
                            {
                                "type": "palladium:has_power",
                                "power": "infinity:cosmi-rod"
                            },   
                            {
                                "type": "palladium:has_power",
                                "power": "infinity:infinity_ultron_container"
                            },    
                            {
                                "type": "palladium:has_power",
                                "power": "infinity:infinity_panther_necklace"
                            },                    
                            {
                                "type": "palladium:item_in_slot",
                                "item": {
                                    "item": "infinity:soul_stone"
                                },
                                "slot": "mainhand"
                            },
                            {
                                "type": "palladium:item_in_slot",
                                "item": {
                                    "item": "infinity:soul_stone"
                                },
                                "slot": "offhand"
                            }
                            
                        ]
                    }
                ]
            }
        },
        "intangibility": {
            "type": "palladium:intangibility",
            "icon": "infinity:soul_stone",
            "title": "Intangibility",
            "bar_color": "orange",
            "hidden": false,
            "hidden_in_bar": false,
            "list_index": 0,
            "conditions": {
                
                "enabling": [
                    {
                        "type": "palladium:toggle",
                        "cooldown": 0,
                        "key_type": "key_bind",
                        "needs_empty_hand": false,
                        "allow_scrolling_when_crouching": true
                    }
                ],
                "unlocking": [
                    {
                        "type": "palladium:or",
                        "conditions": [
                            {
                                "type": "palladium:has_power",
                                "power": "infinity:infinity_gauntlet"
                            },
                            {
                                "type": "palladium:has_power",
                                "power": "infinity:nano_gauntlet"
                            },
                            {
                                "type": "palladium:has_power",
                                "power": "infinity:cosmi-rod"
                            },   
                            {
                                "type": "palladium:has_power",
                                "power": "infinity:infinity_ultron_container"
                            },    
                            {
                                "type": "palladium:has_power",
                                "power": "infinity:infinity_panther_necklace"
                            },                    
                            {
                                "type": "palladium:item_in_slot",
                                "item": {
                                    "item": "infinity:soul_stone"
                                },
                                "slot": "mainhand"
                            },
                            {
                                "type": "palladium:item_in_slot",
                                "item": {
                                    "item": "infinity:soul_stone"
                                },
                                "slot": "offhand"
                            }
                            
                        ]
                    }
                ]
            }
        }
       

       
    }
}