{
    "name": "Time Stone",
    "background": "minecraft:textures/block/lime_concrete.png",
    "icon": "infinity:time_stone",
    "gui_display_type": "list",
    "ability_bar_texture": "infinity:textures/gui/ability_bars/infinity_ability_bar.png",
 
    "abilities": {
      
        "Fast Forward": {
            "type": "palladium:command",
            "icon": "minecraft:clock",
            "title": "Fast Forward",
            "bar_color": "lime",
            "hidden": false,
            "hidden_in_bar": false,
            "list_index": 0,
            "gui_position": "null",
            "description": "null",
            "first_tick_commands": [],
            "last_tick_commands": [],
            "commands": [
                "time add 100"
            ],
            "conditions": {
                
                "enabling": [
                    {
                        "type": "palladium:held",
                        "cooldown": 0,
                        "key_type": "key_bind",
                        "needs_empty_hand": false
                    }
                ]
            }
        },
        
        "Stop Time": {
            "type": "palladium:command",
            "icon": "infinity:time_stone",
            "title": "Stop Time",
            "bar_color": "lime",
            "hidden": false,
            "hidden_in_bar": false,
            "list_index": 1,
            "gui_position": "null",
            "description": "null",
            "first_tick_commands": [],
            "last_tick_commands": [],
            "commands": [
                "gamerule doDaylightCycle false"
            ],
            "conditions": {
                
                "enabling": [
                    {
                        "type": "palladium:action",
                        "cooldown": 0,
                        "key_type": "key_bind",
                        "needs_empty_hand": false,
                        "allow_scrolling_when_crouching": true
                    }
                ]
            }
        },
        "Start Time": {
            "type": "palladium:command",
            "icon": "infinity:time_stone",
            "title": "Start Time",
            "bar_color": "lime",
            "hidden": false,
            "hidden_in_bar": false,
            "list_index": 2,
            "gui_position": "null",
            "description": "null",
            "first_tick_commands": [],
            "last_tick_commands": [],
            "commands": [
                "gamerule doDaylightCycle true"
            ],
            "conditions": {
                
                "enabling": [
                    {
                        "type": "palladium:action",
                        "cooldown": 0,
                        "key_type": "key_bind",
                        "needs_empty_hand": false,
                        "allow_scrolling_when_crouching": true
                    }
                ]
            }
        },
"Shockwave": {
            "type": "palladium:command",
            "icon": "infinity:textures/icon/cosmi_rod.png",
            "title": "Shockwave",
            "bar_color": "lime",
            "hidden": false,
            "hidden_in_bar": false,
            "list_index": 5,
            "gui_position": "null",
            "description": "null",
            "first_tick_commands": [],
            "last_tick_commands": [],
            "commands": [
                "learnSpell learn sonic_boom",
                "cast @s sonic_boom 3"
            ],
            "conditions": {
                
                "enabling": [
                    {
                        "type": "palladium:action",
                        "cooldown": 0,
                        "key_type": "key_bind",
                        "needs_empty_hand": false,
                        "allow_scrolling_when_crouching": true
                    }
                ]
            }
        },
        "Remove Time Stone": {
            "type": "palladium:command",
            "icon": "infinity:time_stone",
            "title": "Remove Time Stone",
            "bar_color": "lime",
            "hidden": true,
            "hidden_in_bar": false,
            "list_index": 6,
            "gui_position": "null",
            "description": "Get rid of it!",
            "first_tick_commands": [],
            "last_tick_commands": ["execute as @s run ability lock @s infinity:infinity_gauntlet Power_Stone"],
            "commands": [
                "execute as @s run give @s infinity:time_stone", "execute as @s run give @s infinity:cosmi-rod", "execute as @s run clear @s infinity:cosmi-rod_with_time_stone"
            ],
            "conditions": {
                "enabling": [
                    {
                        "type": "palladium:action",
                        "cooldown": 0,
                        "key_type": "key_bind",
                        "needs_empty_hand": false,
                        "allow_scrolling_when_crouching": true
                    }
                ]
            }
        } 
       

       
    }
}