{
	"credit": "Made with Blockbench",
	"texture_size": [32, 32],
	"textures": {
		"1": "infinity:item/eye_of_agamotto",
		"particle": "infinity:item/eye_of_agamotto"
	},
	"elements": [
		{
			"from": [7, 1, 5],
			"to": [9, 2, 6],
			"rotation": {"angle": 0, "axis": "y", "origin": [8, 1, 6]},
			"faces": {
				"north": {"uv": [0.5, 5, 1.5, 5.5], "texture": "#1"},
				"east": {"uv": [0, 5, 0.5, 5.5], "texture": "#1"},
				"south": {"uv": [2, 5, 3, 5.5], "texture": "#1"},
				"west": {"uv": [1.5, 5, 2, 5.5], "texture": "#1"},
				"up": {"uv": [1.5, 5, 0.5, 4.5], "texture": "#1"},
				"down": {"uv": [2.5, 4.5, 1.5, 5], "texture": "#1"}
			}
		},
		{
			"from": [7, 3, 5],
			"to": [9, 4, 6],
			"rotation": {"angle": 0, "axis": "y", "origin": [8, 3, 6]},
			"faces": {
				"north": {"uv": [3.5, 5, 4.5, 5.5], "texture": "#1"},
				"east": {"uv": [3, 5, 3.5, 5.5], "texture": "#1"},
				"south": {"uv": [5, 5, 6, 5.5], "texture": "#1"},
				"west": {"uv": [4.5, 5, 5, 5.5], "texture": "#1"},
				"up": {"uv": [4.5, 5, 3.5, 4.5], "texture": "#1"},
				"down": {"uv": [5.5, 4.5, 4.5, 5], "texture": "#1"}
			}
		},
		{
			"from": [6, 2, 5],
			"to": [10, 3, 6],
			"rotation": {"angle": 0, "axis": "y", "origin": [8, 2, 6]},
			"faces": {
				"north": {"uv": [0.5, 4, 2.5, 4.5], "texture": "#1"},
				"east": {"uv": [0, 4, 0.5, 4.5], "texture": "#1"},
				"south": {"uv": [3, 4, 5, 4.5], "texture": "#1"},
				"west": {"uv": [2.5, 4, 3, 4.5], "texture": "#1"},
				"up": {"uv": [2.5, 4, 0.5, 3.5], "texture": "#1"},
				"down": {"uv": [4.5, 3.5, 2.5, 4], "texture": "#1"}
			}
		},
		{
			"from": [9, 4, 5],
			"to": [10, 5, 6],
			"rotation": {"angle": 0, "axis": "y", "origin": [9, 4, 5]},
			"faces": {
				"north": {"uv": [5.5, 1.5, 6, 2], "texture": "#1"},
				"east": {"uv": [5, 1.5, 5.5, 2], "texture": "#1"},
				"south": {"uv": [6.5, 1.5, 7, 2], "texture": "#1"},
				"west": {"uv": [6, 1.5, 6.5, 2], "texture": "#1"},
				"up": {"uv": [6, 1.5, 5.5, 1], "texture": "#1"},
				"down": {"uv": [6.5, 1, 6, 1.5], "texture": "#1"}
			}
		},
		{
			"from": [6, 4, 5],
			"to": [7, 5, 6],
			"rotation": {"angle": 0, "axis": "y", "origin": [6, 4, 5]},
			"faces": {
				"north": {"uv": [5.5, 2.5, 6, 3], "texture": "#1"},
				"east": {"uv": [5, 2.5, 5.5, 3], "texture": "#1"},
				"south": {"uv": [6.5, 2.5, 7, 3], "texture": "#1"},
				"west": {"uv": [6, 2.5, 6.5, 3], "texture": "#1"},
				"up": {"uv": [6, 2.5, 5.5, 2], "texture": "#1"},
				"down": {"uv": [6.5, 2, 6, 2.5], "texture": "#1"}
			}
		},
		{
			"from": [5, 5, 5],
			"to": [6, 6, 6],
			"rotation": {"angle": 0, "axis": "y", "origin": [5, 5, 5]},
			"faces": {
				"north": {"uv": [5.5, 3.5, 6, 4], "texture": "#1"},
				"east": {"uv": [5, 3.5, 5.5, 4], "texture": "#1"},
				"south": {"uv": [6.5, 3.5, 7, 4], "texture": "#1"},
				"west": {"uv": [6, 3.5, 6.5, 4], "texture": "#1"},
				"up": {"uv": [6, 3.5, 5.5, 3], "texture": "#1"},
				"down": {"uv": [6.5, 3, 6, 3.5], "texture": "#1"}
			}
		},
		{
			"from": [10, 5, 5],
			"to": [11, 6, 6],
			"rotation": {"angle": 0, "axis": "y", "origin": [10, 5, 5]},
			"faces": {
				"north": {"uv": [0.5, 6, 1, 6.5], "texture": "#1"},
				"east": {"uv": [0, 6, 0.5, 6.5], "texture": "#1"},
				"south": {"uv": [1.5, 6, 2, 6.5], "texture": "#1"},
				"west": {"uv": [1, 6, 1.5, 6.5], "texture": "#1"},
				"up": {"uv": [1, 6, 0.5, 5.5], "texture": "#1"},
				"down": {"uv": [1.5, 5.5, 1, 6], "texture": "#1"}
			}
		},
		{
			"from": [5, 6, 5],
			"to": [6, 10, 6],
			"rotation": {"angle": 0, "axis": "x", "origin": [6, 7, 6]},
			"faces": {
				"north": {"uv": [0.5, 1.5, 1, 3.5], "texture": "#1"},
				"east": {"uv": [0, 1.5, 0.5, 3.5], "texture": "#1"},
				"south": {"uv": [1.5, 1.5, 2, 3.5], "texture": "#1"},
				"west": {"uv": [1, 1.5, 1.5, 3.5], "texture": "#1"},
				"up": {"uv": [1, 1.5, 0.5, 1], "texture": "#1"},
				"down": {"uv": [1.5, 1, 1, 1.5], "texture": "#1"}
			}
		},
		{
			"from": [10, 6, 5],
			"to": [11, 10, 6],
			"rotation": {"angle": 0, "axis": "x", "origin": [11, 7, 6]},
			"faces": {
				"north": {"uv": [0.5, 1.5, 1, 3.5], "texture": "#1"},
				"east": {"uv": [0, 1.5, 0.5, 3.5], "texture": "#1"},
				"south": {"uv": [1.5, 1.5, 2, 3.5], "texture": "#1"},
				"west": {"uv": [1, 1.5, 1.5, 3.5], "texture": "#1"},
				"up": {"uv": [1, 1.5, 0.5, 1], "texture": "#1"},
				"down": {"uv": [1.5, 1, 1, 1.5], "texture": "#1"}
			}
		},
		{
			"from": [5, 10, 5],
			"to": [11, 11, 6],
			"rotation": {"angle": 0, "axis": "x", "origin": [12, 8, 6]},
			"faces": {
				"north": {"uv": [1, 0.5, 4, 1], "texture": "#1"},
				"east": {"uv": [0.5, 0.5, 1, 1], "texture": "#1"},
				"south": {"uv": [4.5, 0.5, 7.5, 1], "texture": "#1"},
				"west": {"uv": [4, 0.5, 4.5, 1], "texture": "#1"},
				"up": {"uv": [4, 0.5, 1, 0], "texture": "#1"},
				"down": {"uv": [7, 0, 4, 0.5], "texture": "#1"}
			}
		}
	],
	"display": {
		"thirdperson_righthand": {
			"translation": [0, -2, 3.75]
		},
		"thirdperson_lefthand": {
			"translation": [0, -2, 3.75]
		},
		"firstperson_righthand": {
			"rotation": [0, 115, 8],
			"translation": [0, 9.5, 0]
		},
		"firstperson_lefthand": {
			"rotation": [0, 115, 8],
			"translation": [0, 9.5, 0]
		},
		"ground": {
			"translation": [0, 6.5, 0]
		},
		"gui": {
			"rotation": [23, 161, 0],
			"translation": [0.75, 2.25, 0]
		},
		"head": {
			"translation": [0, -7.25, -1]
		},
		"fixed": {
			"translation": [0, 0, 3.25]
		}
	}
}